system:index,NDBI,cell_id,.geo
0_0,-0.25236332,0,"{""type"":""MultiPoint"",""coordinates"":[]}"
1_0,-0.2635459,1,"{""type"":""MultiPoint"",""coordinates"":[]}"
2_0,-0.30305806,2,"{""type"":""MultiPoint"",""coordinates"":[]}"
3_0,-0.24255319,3,"{""type"":""MultiPoint"",""coordinates"":[]}"
4_0,-0.24550265,4,"{""type"":""MultiPoint"",""coordinates"":[]}"
5_0,-0.047272727,5,"{""type"":""MultiPoint"",""coordinates"":[]}"
6_0,-0.2750552,6,"{""type"":""MultiPoint"",""coordinates"":[]}"
7_0,-0.29386225,7,"{""type"":""MultiPoint"",""coordinates"":[]}"
8_0,-0.1608676,8,"{""type"":""MultiPoint"",""coordinates"":[]}"
9_0,-0.11360163,9,"{""type"":""MultiPoint"",""coordinates"":[]}"
10_0,-0.393014,10,"{""type"":""MultiPoint"",""coordinates"":[]}"
11_0,0.012649079,11,"{""type"":""MultiPoint"",""coordinates"":[]}"
12_0,-0.21796638,12,"{""type"":""MultiPoint"",""coordinates"":[]}"
13_0,-0.0097173145,13,"{""type"":""MultiPoint"",""coordinates"":[]}"
14_0,-0.20514019,14,"{""type"":""MultiPoint"",""coordinates"":[]}"
15_0,-0.30289945,15,"{""type"":""MultiPoint"",""coordinates"":[]}"
16_0,-0.17413858,16,"{""type"":""MultiPoint"",""coordinates"":[]}"
17_0,-0.16023166,17,"{""type"":""MultiPoint"",""coordinates"":[]}"
18_0,0.04627044,18,"{""type"":""MultiPoint"",""coordinates"":[]}"
19_0,-0.29224518,19,"{""type"":""MultiPoint"",""coordinates"":[]}"
20_0,-0.024456521,20,"{""type"":""MultiPoint"",""coordinates"":[]}"
21_0,-0.17644662,21,"{""type"":""MultiPoint"",""coordinates"":[]}"
22_0,-0.16291127,22,"{""type"":""MultiPoint"",""coordinates"":[]}"
23_0,-0.021658987,23,"{""type"":""MultiPoint"",""coordinates"":[]}"
24_0,-0.15386097,24,"{""type"":""MultiPoint"",""coordinates"":[]}"
25_0,-0.07124623,25,"{""type"":""MultiPoint"",""coordinates"":[]}"
26_0,-0.16186976,26,"{""type"":""MultiPoint"",""coordinates"":[]}"
27_0,-0.23608904,27,"{""type"":""MultiPoint"",""coordinates"":[]}"
28_0,-0.11672794,28,"{""type"":""MultiPoint"",""coordinates"":[]}"
29_0,-0.15466352,29,"{""type"":""MultiPoint"",""coordinates"":[]}"
30_0,-0.15750597,30,"{""type"":""MultiPoint"",""coordinates"":[]}"
31_0,-0.22600847,31,"{""type"":""MultiPoint"",""coordinates"":[]}"
32_0,-0.19791667,32,"{""type"":""MultiPoint"",""coordinates"":[]}"
33_0,-0.07424812,33,"{""type"":""MultiPoint"",""coordinates"":[]}"
34_0,-0.05673058,34,"{""type"":""MultiPoint"",""coordinates"":[]}"
35_0,0.027115475,35,"{""type"":""MultiPoint"",""coordinates"":[]}"
36_0,-0.06043956,36,"{""type"":""MultiPoint"",""coordinates"":[]}"
37_0,0.008577878,37,"{""type"":""MultiPoint"",""coordinates"":[]}"
38_0,-0.07740916,38,"{""type"":""MultiPoint"",""coordinates"":[]}"
40_0,-0.14177375,40,"{""type"":""MultiPoint"",""coordinates"":[]}"
41_0,-0.18139137,41,"{""type"":""MultiPoint"",""coordinates"":[]}"
42_0,-0.22870457,42,"{""type"":""MultiPoint"",""coordinates"":[]}"
43_0,-0.21300448,43,"{""type"":""MultiPoint"",""coordinates"":[]}"
44_0,0.01228609,44,"{""type"":""MultiPoint"",""coordinates"":[]}"
45_0,-0.18455367,45,"{""type"":""MultiPoint"",""coordinates"":[]}"
46_0,-0.33024085,46,"{""type"":""MultiPoint"",""coordinates"":[]}"
47_0,0.06549521,47,"{""type"":""MultiPoint"",""coordinates"":[]}"
48_0,-0.11208616,48,"{""type"":""MultiPoint"",""coordinates"":[]}"
49_0,-0.17921321,49,"{""type"":""MultiPoint"",""coordinates"":[]}"
50_0,-0.2570601,50,"{""type"":""MultiPoint"",""coordinates"":[]}"
51_0,-0.2629001,51,"{""type"":""MultiPoint"",""coordinates"":[]}"
52_0,-0.071554,52,"{""type"":""MultiPoint"",""coordinates"":[]}"
53_0,-0.27479595,53,"{""type"":""MultiPoint"",""coordinates"":[]}"
54_0,-0.10977836,54,"{""type"":""MultiPoint"",""coordinates"":[]}"
55_0,-0.04769351,55,"{""type"":""MultiPoint"",""coordinates"":[]}"
56_0,-0.255347,56,"{""type"":""MultiPoint"",""coordinates"":[]}"
57_0,-0.19374704,57,"{""type"":""MultiPoint"",""coordinates"":[]}"
58_0,-0.27640203,58,"{""type"":""MultiPoint"",""coordinates"":[]}"
59_0,-0.044379923,59,"{""type"":""MultiPoint"",""coordinates"":[]}"
60_0,-0.15158582,60,"{""type"":""MultiPoint"",""coordinates"":[]}"
61_0,-0.070332736,61,"{""type"":""MultiPoint"",""coordinates"":[]}"
62_0,-0.21034181,62,"{""type"":""MultiPoint"",""coordinates"":[]}"
63_0,-0.16636197,63,"{""type"":""MultiPoint"",""coordinates"":[]}"
64_0,0.075833715,64,"{""type"":""MultiPoint"",""coordinates"":[]}"
65_0,-0.16208269,65,"{""type"":""MultiPoint"",""coordinates"":[]}"
66_0,-0.13510254,66,"{""type"":""MultiPoint"",""coordinates"":[]}"
67_0,-0.16044697,67,"{""type"":""MultiPoint"",""coordinates"":[]}"
68_0,-0.11489733,68,"{""type"":""MultiPoint"",""coordinates"":[]}"
69_0,-0.28129795,69,"{""type"":""MultiPoint"",""coordinates"":[]}"
70_0,-0.3100159,70,"{""type"":""MultiPoint"",""coordinates"":[]}"
71_0,-0.22886133,71,"{""type"":""MultiPoint"",""coordinates"":[]}"
72_0,-0.033004716,72,"{""type"":""MultiPoint"",""coordinates"":[]}"
73_0,0.015023475,73,"{""type"":""MultiPoint"",""coordinates"":[]}"
74_0,8.149959E-4,74,"{""type"":""MultiPoint"",""coordinates"":[]}"
75_0,-0.2768126,75,"{""type"":""MultiPoint"",""coordinates"":[]}"
76_0,-0.1705621,76,"{""type"":""MultiPoint"",""coordinates"":[]}"
77_0,-0.10745839,77,"{""type"":""MultiPoint"",""coordinates"":[]}"
78_0,0.0062299413,78,"{""type"":""MultiPoint"",""coordinates"":[]}"
80_0,-0.17677309,80,"{""type"":""MultiPoint"",""coordinates"":[]}"
81_0,-0.087272726,81,"{""type"":""MultiPoint"",""coordinates"":[]}"
82_0,-0.0020222447,82,"{""type"":""MultiPoint"",""coordinates"":[]}"
83_0,-0.19694267,83,"{""type"":""MultiPoint"",""coordinates"":[]}"
84_0,-0.10250202,84,"{""type"":""MultiPoint"",""coordinates"":[]}"
85_0,-0.341585,85,"{""type"":""MultiPoint"",""coordinates"":[]}"
86_0,-0.21152359,86,"{""type"":""MultiPoint"",""coordinates"":[]}"
87_0,-0.028887214,87,"{""type"":""MultiPoint"",""coordinates"":[]}"
88_0,0.23162365,88,"{""type"":""MultiPoint"",""coordinates"":[]}"
89_0,-0.019957373,89,"{""type"":""MultiPoint"",""coordinates"":[]}"
90_0,-0.27276057,90,"{""type"":""MultiPoint"",""coordinates"":[]}"
91_0,0.111404665,91,"{""type"":""MultiPoint"",""coordinates"":[]}"
92_0,-0.28755364,92,"{""type"":""MultiPoint"",""coordinates"":[]}"
93_0,-0.26023892,93,"{""type"":""MultiPoint"",""coordinates"":[]}"
94_0,-0.271499,94,"{""type"":""MultiPoint"",""coordinates"":[]}"
95_0,-0.2827957,95,"{""type"":""MultiPoint"",""coordinates"":[]}"
96_0,-0.09747292,96,"{""type"":""MultiPoint"",""coordinates"":[]}"
97_0,-0.18257032,97,"{""type"":""MultiPoint"",""coordinates"":[]}"
98_0,-0.10178902,98,"{""type"":""MultiPoint"",""coordinates"":[]}"
99_0,-0.16862416,99,"{""type"":""MultiPoint"",""coordinates"":[]}"
100_0,-0.33817264,100,"{""type"":""MultiPoint"",""coordinates"":[]}"
101_0,0.041518386,101,"{""type"":""MultiPoint"",""coordinates"":[]}"
102_0,-0.087696895,102,"{""type"":""MultiPoint"",""coordinates"":[]}"
103_0,-0.1737616,103,"{""type"":""MultiPoint"",""coordinates"":[]}"
104_0,-0.1576979,104,"{""type"":""MultiPoint"",""coordinates"":[]}"
105_0,-0.1584367,105,"{""type"":""MultiPoint"",""coordinates"":[]}"
106_0,-0.074107625,106,"{""type"":""MultiPoint"",""coordinates"":[]}"
107_0,-0.06842229,107,"{""type"":""MultiPoint"",""coordinates"":[]}"
108_0,-0.18596882,108,"{""type"":""MultiPoint"",""coordinates"":[]}"
109_0,-0.03728362,109,"{""type"":""MultiPoint"",""coordinates"":[]}"
110_0,-0.22279793,110,"{""type"":""MultiPoint"",""coordinates"":[]}"
111_0,-0.13720703,111,"{""type"":""MultiPoint"",""coordinates"":[]}"
112_0,-0.15399891,112,"{""type"":""MultiPoint"",""coordinates"":[]}"
113_0,-0.067591675,113,"{""type"":""MultiPoint"",""coordinates"":[]}"
114_0,-0.298,114,"{""type"":""MultiPoint"",""coordinates"":[]}"
115_0,-0.26817307,115,"{""type"":""MultiPoint"",""coordinates"":[]}"
116_0,-0.28978547,116,"{""type"":""MultiPoint"",""coordinates"":[]}"
118_0,-0.27305606,118,"{""type"":""MultiPoint"",""coordinates"":[]}"
120_0,-0.38025054,120,"{""type"":""MultiPoint"",""coordinates"":[]}"
121_0,-0.2176422,121,"{""type"":""MultiPoint"",""coordinates"":[]}"
122_0,-0.38117805,122,"{""type"":""MultiPoint"",""coordinates"":[]}"
123_0,-0.10208562,123,"{""type"":""MultiPoint"",""coordinates"":[]}"
124_0,-0.27272728,124,"{""type"":""MultiPoint"",""coordinates"":[]}"
125_0,-0.35350373,125,"{""type"":""MultiPoint"",""coordinates"":[]}"
126_0,-0.21451965,126,"{""type"":""MultiPoint"",""coordinates"":[]}"
127_0,0.07284768,127,"{""type"":""MultiPoint"",""coordinates"":[]}"
128_0,-0.35140845,128,"{""type"":""MultiPoint"",""coordinates"":[]}"
129_0,0.051630434,129,"{""type"":""MultiPoint"",""coordinates"":[]}"
130_0,-0.2327856,130,"{""type"":""MultiPoint"",""coordinates"":[]}"
131_0,-0.3307749,131,"{""type"":""MultiPoint"",""coordinates"":[]}"
132_0,-0.08948924,132,"{""type"":""MultiPoint"",""coordinates"":[]}"
133_0,-0.27521583,133,"{""type"":""MultiPoint"",""coordinates"":[]}"
134_0,-0.055658627,134,"{""type"":""MultiPoint"",""coordinates"":[]}"
135_0,-0.16572717,135,"{""type"":""MultiPoint"",""coordinates"":[]}"
136_0,-0.02185913,136,"{""type"":""MultiPoint"",""coordinates"":[]}"
137_0,-0.19509804,137,"{""type"":""MultiPoint"",""coordinates"":[]}"
138_0,-0.20976831,138,"{""type"":""MultiPoint"",""coordinates"":[]}"
139_0,-0.199279,139,"{""type"":""MultiPoint"",""coordinates"":[]}"
140_0,-0.17263564,140,"{""type"":""MultiPoint"",""coordinates"":[]}"
141_0,-0.18242152,141,"{""type"":""MultiPoint"",""coordinates"":[]}"
142_0,-0.11681703,142,"{""type"":""MultiPoint"",""coordinates"":[]}"
143_0,0.025663331,143,"{""type"":""MultiPoint"",""coordinates"":[]}"
144_0,-0.005304477,144,"{""type"":""MultiPoint"",""coordinates"":[]}"
145_0,-0.2311784,145,"{""type"":""MultiPoint"",""coordinates"":[]}"
146_0,-0.08483291,146,"{""type"":""MultiPoint"",""coordinates"":[]}"
147_0,-0.26822105,147,"{""type"":""MultiPoint"",""coordinates"":[]}"
148_0,-0.17798519,148,"{""type"":""MultiPoint"",""coordinates"":[]}"
149_0,-0.114285715,149,"{""type"":""MultiPoint"",""coordinates"":[]}"
150_0,-0.07669173,150,"{""type"":""MultiPoint"",""coordinates"":[]}"
151_0,-0.2436336,151,"{""type"":""MultiPoint"",""coordinates"":[]}"
152_0,-0.32792702,152,"{""type"":""MultiPoint"",""coordinates"":[]}"
153_0,-0.15865652,153,"{""type"":""MultiPoint"",""coordinates"":[]}"
154_0,-0.095511176,154,"{""type"":""MultiPoint"",""coordinates"":[]}"
155_0,-0.092529275,155,"{""type"":""MultiPoint"",""coordinates"":[]}"
156_0,-0.06651571,156,"{""type"":""MultiPoint"",""coordinates"":[]}"
158_0,0.029121865,158,"{""type"":""MultiPoint"",""coordinates"":[]}"
160_0,-0.39400703,160,"{""type"":""MultiPoint"",""coordinates"":[]}"
161_0,-0.23780718,161,"{""type"":""MultiPoint"",""coordinates"":[]}"
162_0,-0.3061026,162,"{""type"":""MultiPoint"",""coordinates"":[]}"
163_0,-0.11049628,163,"{""type"":""MultiPoint"",""coordinates"":[]}"
164_0,-0.059910018,164,"{""type"":""MultiPoint"",""coordinates"":[]}"
165_0,-0.21333942,165,"{""type"":""MultiPoint"",""coordinates"":[]}"
166_0,-0.3024,166,"{""type"":""MultiPoint"",""coordinates"":[]}"
167_0,-0.3137707,167,"{""type"":""MultiPoint"",""coordinates"":[]}"
168_0,-0.18451613,168,"{""type"":""MultiPoint"",""coordinates"":[]}"
169_0,-0.17943817,169,"{""type"":""MultiPoint"",""coordinates"":[]}"
170_0,-0.25333333,170,"{""type"":""MultiPoint"",""coordinates"":[]}"
171_0,-0.0011460005,171,"{""type"":""MultiPoint"",""coordinates"":[]}"
172_0,-0.2044293,172,"{""type"":""MultiPoint"",""coordinates"":[]}"
173_0,-0.042057198,173,"{""type"":""MultiPoint"",""coordinates"":[]}"
174_0,-0.06874639,174,"{""type"":""MultiPoint"",""coordinates"":[]}"
175_0,-0.24615031,175,"{""type"":""MultiPoint"",""coordinates"":[]}"
176_0,-0.26185772,176,"{""type"":""MultiPoint"",""coordinates"":[]}"
177_0,-0.25589225,177,"{""type"":""MultiPoint"",""coordinates"":[]}"
178_0,-0.20196834,178,"{""type"":""MultiPoint"",""coordinates"":[]}"
179_0,-0.22745253,179,"{""type"":""MultiPoint"",""coordinates"":[]}"
180_0,-0.03566047,180,"{""type"":""MultiPoint"",""coordinates"":[]}"
181_0,-0.15333511,181,"{""type"":""MultiPoint"",""coordinates"":[]}"
182_0,-0.21475828,182,"{""type"":""MultiPoint"",""coordinates"":[]}"
183_0,0.086139664,183,"{""type"":""MultiPoint"",""coordinates"":[]}"
184_0,-0.054341037,184,"{""type"":""MultiPoint"",""coordinates"":[]}"
185_0,-0.032629557,185,"{""type"":""MultiPoint"",""coordinates"":[]}"
186_0,-0.31530556,186,"{""type"":""MultiPoint"",""coordinates"":[]}"
187_0,-0.23956044,187,"{""type"":""MultiPoint"",""coordinates"":[]}"
188_0,-0.06394001,188,"{""type"":""MultiPoint"",""coordinates"":[]}"
189_0,-0.1696477,189,"{""type"":""MultiPoint"",""coordinates"":[]}"
190_0,-0.20328948,190,"{""type"":""MultiPoint"",""coordinates"":[]}"
191_0,-0.056445092,191,"{""type"":""MultiPoint"",""coordinates"":[]}"
192_0,-0.08636036,192,"{""type"":""MultiPoint"",""coordinates"":[]}"
193_0,-0.12749946,193,"{""type"":""MultiPoint"",""coordinates"":[]}"
194_0,-0.16904683,194,"{""type"":""MultiPoint"",""coordinates"":[]}"
195_0,0.019161243,195,"{""type"":""MultiPoint"",""coordinates"":[]}"
196_0,-0.0847894,196,"{""type"":""MultiPoint"",""coordinates"":[]}"
197_0,-0.22626889,197,"{""type"":""MultiPoint"",""coordinates"":[]}"
198_0,-0.026217228,198,"{""type"":""MultiPoint"",""coordinates"":[]}"
200_0,-0.19964625,200,"{""type"":""MultiPoint"",""coordinates"":[]}"
201_0,-0.02555143,201,"{""type"":""MultiPoint"",""coordinates"":[]}"
202_0,-0.23557591,202,"{""type"":""MultiPoint"",""coordinates"":[]}"
203_0,-0.1416309,203,"{""type"":""MultiPoint"",""coordinates"":[]}"
204_0,0.018396847,204,"{""type"":""MultiPoint"",""coordinates"":[]}"
205_0,-0.27815732,205,"{""type"":""MultiPoint"",""coordinates"":[]}"
206_0,-0.2104465,206,"{""type"":""MultiPoint"",""coordinates"":[]}"
207_0,-0.26783988,207,"{""type"":""MultiPoint"",""coordinates"":[]}"
208_0,0.097789116,208,"{""type"":""MultiPoint"",""coordinates"":[]}"
209_0,0.09908476,209,"{""type"":""MultiPoint"",""coordinates"":[]}"
210_0,-0.06738544,210,"{""type"":""MultiPoint"",""coordinates"":[]}"
211_0,-0.04250797,211,"{""type"":""MultiPoint"",""coordinates"":[]}"
212_0,-0.11924024,212,"{""type"":""MultiPoint"",""coordinates"":[]}"
213_0,-0.23117569,213,"{""type"":""MultiPoint"",""coordinates"":[]}"
214_0,-0.24221106,214,"{""type"":""MultiPoint"",""coordinates"":[]}"
215_0,-0.049798794,215,"{""type"":""MultiPoint"",""coordinates"":[]}"
216_0,-0.14039464,216,"{""type"":""MultiPoint"",""coordinates"":[]}"
217_0,-0.19121951,217,"{""type"":""MultiPoint"",""coordinates"":[]}"
218_0,-0.19909781,218,"{""type"":""MultiPoint"",""coordinates"":[]}"
219_0,-0.29543716,219,"{""type"":""MultiPoint"",""coordinates"":[]}"
220_0,-0.20334473,220,"{""type"":""MultiPoint"",""coordinates"":[]}"
221_0,0.02723888,221,"{""type"":""MultiPoint"",""coordinates"":[]}"
222_0,-0.33744603,222,"{""type"":""MultiPoint"",""coordinates"":[]}"
223_0,-0.17122594,223,"{""type"":""MultiPoint"",""coordinates"":[]}"
224_0,-0.07485525,224,"{""type"":""MultiPoint"",""coordinates"":[]}"
225_0,-0.14004283,225,"{""type"":""MultiPoint"",""coordinates"":[]}"
226_0,-0.116262354,226,"{""type"":""MultiPoint"",""coordinates"":[]}"
227_0,-0.07038035,227,"{""type"":""MultiPoint"",""coordinates"":[]}"
229_0,-0.069410995,229,"{""type"":""MultiPoint"",""coordinates"":[]}"
230_0,-0.24286173,230,"{""type"":""MultiPoint"",""coordinates"":[]}"
231_0,-0.07880041,231,"{""type"":""MultiPoint"",""coordinates"":[]}"
232_0,-0.18521313,232,"{""type"":""MultiPoint"",""coordinates"":[]}"
233_0,-0.11998071,233,"{""type"":""MultiPoint"",""coordinates"":[]}"
234_0,-0.05834519,234,"{""type"":""MultiPoint"",""coordinates"":[]}"
235_0,-0.15610972,235,"{""type"":""MultiPoint"",""coordinates"":[]}"
236_0,-0.061992474,236,"{""type"":""MultiPoint"",""coordinates"":[]}"
237_0,-0.11533052,237,"{""type"":""MultiPoint"",""coordinates"":[]}"
238_0,-0.032292787,238,"{""type"":""MultiPoint"",""coordinates"":[]}"
240_0,-0.18272038,240,"{""type"":""MultiPoint"",""coordinates"":[]}"
241_0,-0.0029698769,241,"{""type"":""MultiPoint"",""coordinates"":[]}"
242_0,-0.20509194,242,"{""type"":""MultiPoint"",""coordinates"":[]}"
243_0,-0.22,243,"{""type"":""MultiPoint"",""coordinates"":[]}"
244_0,-0.25143677,244,"{""type"":""MultiPoint"",""coordinates"":[]}"
245_0,-0.33459285,245,"{""type"":""MultiPoint"",""coordinates"":[]}"
246_0,-0.3297953,246,"{""type"":""MultiPoint"",""coordinates"":[]}"
247_0,-0.13043478,247,"{""type"":""MultiPoint"",""coordinates"":[]}"
248_0,-0.16894977,248,"{""type"":""MultiPoint"",""coordinates"":[]}"
249_0,-0.022526935,249,"{""type"":""MultiPoint"",""coordinates"":[]}"
250_0,-0.18569905,250,"{""type"":""MultiPoint"",""coordinates"":[]}"
251_0,-0.25566638,251,"{""type"":""MultiPoint"",""coordinates"":[]}"
252_0,-0.2321101,252,"{""type"":""MultiPoint"",""coordinates"":[]}"
253_0,-0.18602568,253,"{""type"":""MultiPoint"",""coordinates"":[]}"
254_0,-0.22970779,254,"{""type"":""MultiPoint"",""coordinates"":[]}"
255_0,-0.12790698,255,"{""type"":""MultiPoint"",""coordinates"":[]}"
256_0,-0.28993455,256,"{""type"":""MultiPoint"",""coordinates"":[]}"
257_0,-0.18206862,257,"{""type"":""MultiPoint"",""coordinates"":[]}"
258_0,-0.08932685,258,"{""type"":""MultiPoint"",""coordinates"":[]}"
259_0,-0.040253278,259,"{""type"":""MultiPoint"",""coordinates"":[]}"
260_0,-0.17533888,260,"{""type"":""MultiPoint"",""coordinates"":[]}"
261_0,-0.08032392,261,"{""type"":""MultiPoint"",""coordinates"":[]}"
262_0,-0.3469998,262,"{""type"":""MultiPoint"",""coordinates"":[]}"
263_0,-0.32398555,263,"{""type"":""MultiPoint"",""coordinates"":[]}"
264_0,-0.2,264,"{""type"":""MultiPoint"",""coordinates"":[]}"
265_0,-0.24805531,265,"{""type"":""MultiPoint"",""coordinates"":[]}"
266_0,-0.2932331,266,"{""type"":""MultiPoint"",""coordinates"":[]}"
267_0,-0.06955435,267,"{""type"":""MultiPoint"",""coordinates"":[]}"
268_0,-0.32132623,268,"{""type"":""MultiPoint"",""coordinates"":[]}"
269_0,-0.20416923,269,"{""type"":""MultiPoint"",""coordinates"":[]}"
270_0,-0.23792878,270,"{""type"":""MultiPoint"",""coordinates"":[]}"
271_0,-0.22897585,271,"{""type"":""MultiPoint"",""coordinates"":[]}"
272_0,-0.16938111,272,"{""type"":""MultiPoint"",""coordinates"":[]}"
273_0,-0.03751938,273,"{""type"":""MultiPoint"",""coordinates"":[]}"
274_0,-0.21908371,274,"{""type"":""MultiPoint"",""coordinates"":[]}"
275_0,-0.3974532,275,"{""type"":""MultiPoint"",""coordinates"":[]}"
276_0,-0.18111053,276,"{""type"":""MultiPoint"",""coordinates"":[]}"
277_0,-0.17451523,277,"{""type"":""MultiPoint"",""coordinates"":[]}"
278_0,-0.118746236,278,"{""type"":""MultiPoint"",""coordinates"":[]}"
280_0,-0.2853792,280,"{""type"":""MultiPoint"",""coordinates"":[]}"
281_0,-0.19602107,281,"{""type"":""MultiPoint"",""coordinates"":[]}"
282_0,-0.07168983,282,"{""type"":""MultiPoint"",""coordinates"":[]}"
283_0,0.12654868,283,"{""type"":""MultiPoint"",""coordinates"":[]}"
284_0,-0.045819934,284,"{""type"":""MultiPoint"",""coordinates"":[]}"
285_0,-0.3603631,285,"{""type"":""MultiPoint"",""coordinates"":[]}"
286_0,-0.23543735,286,"{""type"":""MultiPoint"",""coordinates"":[]}"
287_0,-0.21952416,287,"{""type"":""MultiPoint"",""coordinates"":[]}"
288_0,-0.25578704,288,"{""type"":""MultiPoint"",""coordinates"":[]}"
289_0,-0.11832374,289,"{""type"":""MultiPoint"",""coordinates"":[]}"
290_0,-0.06999458,290,"{""type"":""MultiPoint"",""coordinates"":[]}"
291_0,-0.30090842,291,"{""type"":""MultiPoint"",""coordinates"":[]}"
292_0,-0.05540749,292,"{""type"":""MultiPoint"",""coordinates"":[]}"
293_0,-0.18955843,293,"{""type"":""MultiPoint"",""coordinates"":[]}"
294_0,-0.09044477,294,"{""type"":""MultiPoint"",""coordinates"":[]}"
295_0,0.06922072,295,"{""type"":""MultiPoint"",""coordinates"":[]}"
296_0,-0.23654361,296,"{""type"":""MultiPoint"",""coordinates"":[]}"
297_0,-0.124660194,297,"{""type"":""MultiPoint"",""coordinates"":[]}"
298_0,-0.13608618,298,"{""type"":""MultiPoint"",""coordinates"":[]}"
299_0,-0.23303428,299,"{""type"":""MultiPoint"",""coordinates"":[]}"
300_0,0.101061374,300,"{""type"":""MultiPoint"",""coordinates"":[]}"
301_0,-0.15655738,301,"{""type"":""MultiPoint"",""coordinates"":[]}"
302_0,-0.11935892,302,"{""type"":""MultiPoint"",""coordinates"":[]}"
303_0,-0.40050086,303,"{""type"":""MultiPoint"",""coordinates"":[]}"
304_0,-0.013882003,304,"{""type"":""MultiPoint"",""coordinates"":[]}"
305_0,0.008682709,305,"{""type"":""MultiPoint"",""coordinates"":[]}"
306_0,-0.28284878,306,"{""type"":""MultiPoint"",""coordinates"":[]}"
307_0,-0.13118279,307,"{""type"":""MultiPoint"",""coordinates"":[]}"
308_0,-0.34251723,308,"{""type"":""MultiPoint"",""coordinates"":[]}"
309_0,0.076381244,309,"{""type"":""MultiPoint"",""coordinates"":[]}"
310_0,-0.31534135,310,"{""type"":""MultiPoint"",""coordinates"":[]}"
311_0,-0.33321568,311,"{""type"":""MultiPoint"",""coordinates"":[]}"
312_0,-0.28666174,312,"{""type"":""MultiPoint"",""coordinates"":[]}"
313_0,-0.28630707,313,"{""type"":""MultiPoint"",""coordinates"":[]}"
314_0,0.006045949,314,"{""type"":""MultiPoint"",""coordinates"":[]}"
317_0,-0.14906129,317,"{""type"":""MultiPoint"",""coordinates"":[]}"
318_0,-0.29582155,318,"{""type"":""MultiPoint"",""coordinates"":[]}"
320_0,-0.05989305,320,"{""type"":""MultiPoint"",""coordinates"":[]}"
321_0,0.030633084,321,"{""type"":""MultiPoint"",""coordinates"":[]}"
322_0,-0.049625468,322,"{""type"":""MultiPoint"",""coordinates"":[]}"
323_0,-0.28663447,323,"{""type"":""MultiPoint"",""coordinates"":[]}"
324_0,0.07546611,324,"{""type"":""MultiPoint"",""coordinates"":[]}"
325_0,-0.1,325,"{""type"":""MultiPoint"",""coordinates"":[]}"
326_0,-0.19016558,326,"{""type"":""MultiPoint"",""coordinates"":[]}"
327_0,-0.20029204,327,"{""type"":""MultiPoint"",""coordinates"":[]}"
328_0,-0.33113456,328,"{""type"":""MultiPoint"",""coordinates"":[]}"
329_0,-0.18890814,329,"{""type"":""MultiPoint"",""coordinates"":[]}"
330_0,-0.20041864,330,"{""type"":""MultiPoint"",""coordinates"":[]}"
331_0,0.13255814,331,"{""type"":""MultiPoint"",""coordinates"":[]}"
332_0,0.045296166,332,"{""type"":""MultiPoint"",""coordinates"":[]}"
333_0,-0.1032271,333,"{""type"":""MultiPoint"",""coordinates"":[]}"
334_0,0.12666461,334,"{""type"":""MultiPoint"",""coordinates"":[]}"
335_0,-0.008909853,335,"{""type"":""MultiPoint"",""coordinates"":[]}"
336_0,0.017558886,336,"{""type"":""MultiPoint"",""coordinates"":[]}"
337_0,-0.11719803,337,"{""type"":""MultiPoint"",""coordinates"":[]}"
338_0,-0.03287891,338,"{""type"":""MultiPoint"",""coordinates"":[]}"
339_0,0.040339705,339,"{""type"":""MultiPoint"",""coordinates"":[]}"
340_0,-0.18184124,340,"{""type"":""MultiPoint"",""coordinates"":[]}"
341_0,-0.06461233,341,"{""type"":""MultiPoint"",""coordinates"":[]}"
342_0,-0.19082285,342,"{""type"":""MultiPoint"",""coordinates"":[]}"
343_0,-0.08915663,343,"{""type"":""MultiPoint"",""coordinates"":[]}"
344_0,-0.25644353,344,"{""type"":""MultiPoint"",""coordinates"":[]}"
345_0,-0.27603304,345,"{""type"":""MultiPoint"",""coordinates"":[]}"
346_0,-0.2843494,346,"{""type"":""MultiPoint"",""coordinates"":[]}"
347_0,-0.22237018,347,"{""type"":""MultiPoint"",""coordinates"":[]}"
348_0,-0.23481528,348,"{""type"":""MultiPoint"",""coordinates"":[]}"
349_0,-0.03177917,349,"{""type"":""MultiPoint"",""coordinates"":[]}"
350_0,-0.005249854,350,"{""type"":""MultiPoint"",""coordinates"":[]}"
353_0,-0.1432247,353,"{""type"":""MultiPoint"",""coordinates"":[]}"
354_0,-0.103353865,354,"{""type"":""MultiPoint"",""coordinates"":[]}"
355_0,-0.122727275,355,"{""type"":""MultiPoint"",""coordinates"":[]}"
357_0,-0.06112703,357,"{""type"":""MultiPoint"",""coordinates"":[]}"
358_0,-0.26126125,358,"{""type"":""MultiPoint"",""coordinates"":[]}"
360_0,-0.050129198,360,"{""type"":""MultiPoint"",""coordinates"":[]}"
361_0,-0.32777777,361,"{""type"":""MultiPoint"",""coordinates"":[]}"
362_0,0.092161015,362,"{""type"":""MultiPoint"",""coordinates"":[]}"
363_0,0.13368359,363,"{""type"":""MultiPoint"",""coordinates"":[]}"
364_0,0.05502501,364,"{""type"":""MultiPoint"",""coordinates"":[]}"
365_0,0.07525773,365,"{""type"":""MultiPoint"",""coordinates"":[]}"
366_0,-0.0039488967,366,"{""type"":""MultiPoint"",""coordinates"":[]}"
367_0,0.18528393,367,"{""type"":""MultiPoint"",""coordinates"":[]}"
368_0,0.13166709,368,"{""type"":""MultiPoint"",""coordinates"":[]}"
369_0,-0.04090909,369,"{""type"":""MultiPoint"",""coordinates"":[]}"
370_0,0.15644762,370,"{""type"":""MultiPoint"",""coordinates"":[]}"
371_0,0.07304786,371,"{""type"":""MultiPoint"",""coordinates"":[]}"
372_0,-0.3679468,372,"{""type"":""MultiPoint"",""coordinates"":[]}"
373_0,-0.2022402,373,"{""type"":""MultiPoint"",""coordinates"":[]}"
374_0,-0.13932222,374,"{""type"":""MultiPoint"",""coordinates"":[]}"
375_0,-0.061270375,375,"{""type"":""MultiPoint"",""coordinates"":[]}"
376_0,-0.019171992,376,"{""type"":""MultiPoint"",""coordinates"":[]}"
377_0,-0.18914902,377,"{""type"":""MultiPoint"",""coordinates"":[]}"
378_0,-0.0998632,378,"{""type"":""MultiPoint"",""coordinates"":[]}"
379_0,0.1712798,379,"{""type"":""MultiPoint"",""coordinates"":[]}"
380_0,-0.27973613,380,"{""type"":""MultiPoint"",""coordinates"":[]}"
381_0,-0.3214344,381,"{""type"":""MultiPoint"",""coordinates"":[]}"
382_0,-0.20977011,382,"{""type"":""MultiPoint"",""coordinates"":[]}"
383_0,-0.22899294,383,"{""type"":""MultiPoint"",""coordinates"":[]}"
384_0,-0.10072522,384,"{""type"":""MultiPoint"",""coordinates"":[]}"
385_0,0.113377035,385,"{""type"":""MultiPoint"",""coordinates"":[]}"
386_0,-0.34858045,386,"{""type"":""MultiPoint"",""coordinates"":[]}"
387_0,-0.19866815,387,"{""type"":""MultiPoint"",""coordinates"":[]}"
388_0,-0.29749393,388,"{""type"":""MultiPoint"",""coordinates"":[]}"
389_0,-0.19211349,389,"{""type"":""MultiPoint"",""coordinates"":[]}"
390_0,-0.27437943,390,"{""type"":""MultiPoint"",""coordinates"":[]}"
391_0,-0.14872497,391,"{""type"":""MultiPoint"",""coordinates"":[]}"
393_0,0.020361505,393,"{""type"":""MultiPoint"",""coordinates"":[]}"
394_0,-0.15627141,394,"{""type"":""MultiPoint"",""coordinates"":[]}"
395_0,-0.31339344,395,"{""type"":""MultiPoint"",""coordinates"":[]}"
398_0,-0.06027944,398,"{""type"":""MultiPoint"",""coordinates"":[]}"
400_0,0.015858632,400,"{""type"":""MultiPoint"",""coordinates"":[]}"
401_0,-0.03033221,401,"{""type"":""MultiPoint"",""coordinates"":[]}"
402_0,0.06805807,402,"{""type"":""MultiPoint"",""coordinates"":[]}"
403_0,-0.05479452,403,"{""type"":""MultiPoint"",""coordinates"":[]}"
404_0,-0.10653053,404,"{""type"":""MultiPoint"",""coordinates"":[]}"
405_0,0.031128405,405,"{""type"":""MultiPoint"",""coordinates"":[]}"
406_0,-0.03548315,406,"{""type"":""MultiPoint"",""coordinates"":[]}"
407_0,-0.08312716,407,"{""type"":""MultiPoint"",""coordinates"":[]}"
408_0,0.17446579,408,"{""type"":""MultiPoint"",""coordinates"":[]}"
409_0,0.16609634,409,"{""type"":""MultiPoint"",""coordinates"":[]}"
410_0,-0.011780396,410,"{""type"":""MultiPoint"",""coordinates"":[]}"
411_0,-0.2181747,411,"{""type"":""MultiPoint"",""coordinates"":[]}"
412_0,0.10390568,412,"{""type"":""MultiPoint"",""coordinates"":[]}"
413_0,0.07772759,413,"{""type"":""MultiPoint"",""coordinates"":[]}"
414_0,0.011467353,414,"{""type"":""MultiPoint"",""coordinates"":[]}"
415_0,-0.010491956,415,"{""type"":""MultiPoint"",""coordinates"":[]}"
416_0,-0.28023425,416,"{""type"":""MultiPoint"",""coordinates"":[]}"
417_0,-0.2043059,417,"{""type"":""MultiPoint"",""coordinates"":[]}"
418_0,-0.12664254,418,"{""type"":""MultiPoint"",""coordinates"":[]}"
419_0,0.073387094,419,"{""type"":""MultiPoint"",""coordinates"":[]}"
420_0,0.049415994,420,"{""type"":""MultiPoint"",""coordinates"":[]}"
421_0,-0.12142237,421,"{""type"":""MultiPoint"",""coordinates"":[]}"
422_0,-0.17879373,422,"{""type"":""MultiPoint"",""coordinates"":[]}"
423_0,-0.34920314,423,"{""type"":""MultiPoint"",""coordinates"":[]}"
424_0,-0.11921824,424,"{""type"":""MultiPoint"",""coordinates"":[]}"
425_0,0.035989717,425,"{""type"":""MultiPoint"",""coordinates"":[]}"
426_0,-0.15017273,426,"{""type"":""MultiPoint"",""coordinates"":[]}"
427_0,-0.030590262,427,"{""type"":""MultiPoint"",""coordinates"":[]}"
428_0,-0.2492515,428,"{""type"":""MultiPoint"",""coordinates"":[]}"
429_0,-0.054900978,429,"{""type"":""MultiPoint"",""coordinates"":[]}"
430_0,-0.1277933,430,"{""type"":""MultiPoint"",""coordinates"":[]}"
431_0,-0.112544104,431,"{""type"":""MultiPoint"",""coordinates"":[]}"
433_0,-0.37487233,433,"{""type"":""MultiPoint"",""coordinates"":[]}"
434_0,-0.28610027,434,"{""type"":""MultiPoint"",""coordinates"":[]}"
435_0,-0.2618966,435,"{""type"":""MultiPoint"",""coordinates"":[]}"
436_0,-0.020244425,436,"{""type"":""MultiPoint"",""coordinates"":[]}"
438_0,-0.05272727,438,"{""type"":""MultiPoint"",""coordinates"":[]}"
440_0,-0.2262364,440,"{""type"":""MultiPoint"",""coordinates"":[]}"
441_0,-0.118373275,441,"{""type"":""MultiPoint"",""coordinates"":[]}"
442_0,-0.09562133,442,"{""type"":""MultiPoint"",""coordinates"":[]}"
443_0,-0.09060956,443,"{""type"":""MultiPoint"",""coordinates"":[]}"
444_0,0.08261212,444,"{""type"":""MultiPoint"",""coordinates"":[]}"
445_0,-0.17243047,445,"{""type"":""MultiPoint"",""coordinates"":[]}"
446_0,0.11732073,446,"{""type"":""MultiPoint"",""coordinates"":[]}"
447_0,0.046266604,447,"{""type"":""MultiPoint"",""coordinates"":[]}"
448_0,0.045794394,448,"{""type"":""MultiPoint"",""coordinates"":[]}"
449_0,0.08908046,449,"{""type"":""MultiPoint"",""coordinates"":[]}"
450_0,0.18242267,450,"{""type"":""MultiPoint"",""coordinates"":[]}"
451_0,0.112033196,451,"{""type"":""MultiPoint"",""coordinates"":[]}"
452_0,0.15032035,452,"{""type"":""MultiPoint"",""coordinates"":[]}"
453_0,-0.13554876,453,"{""type"":""MultiPoint"",""coordinates"":[]}"
454_0,-0.28282169,454,"{""type"":""MultiPoint"",""coordinates"":[]}"
455_0,0.037294418,455,"{""type"":""MultiPoint"",""coordinates"":[]}"
456_0,-0.19181287,456,"{""type"":""MultiPoint"",""coordinates"":[]}"
457_0,0.08459076,457,"{""type"":""MultiPoint"",""coordinates"":[]}"
458_0,-0.01884312,458,"{""type"":""MultiPoint"",""coordinates"":[]}"
459_0,-0.32480696,459,"{""type"":""MultiPoint"",""coordinates"":[]}"
460_0,-0.03570606,460,"{""type"":""MultiPoint"",""coordinates"":[]}"
461_0,-0.10950149,461,"{""type"":""MultiPoint"",""coordinates"":[]}"
462_0,-0.2385002,462,"{""type"":""MultiPoint"",""coordinates"":[]}"
463_0,-0.26017854,463,"{""type"":""MultiPoint"",""coordinates"":[]}"
464_0,-0.25746924,464,"{""type"":""MultiPoint"",""coordinates"":[]}"
465_0,-0.074173,465,"{""type"":""MultiPoint"",""coordinates"":[]}"
466_0,-0.21438581,466,"{""type"":""MultiPoint"",""coordinates"":[]}"
467_0,-0.19748427,467,"{""type"":""MultiPoint"",""coordinates"":[]}"
468_0,-0.19617225,468,"{""type"":""MultiPoint"",""coordinates"":[]}"
469_0,-0.26686218,469,"{""type"":""MultiPoint"",""coordinates"":[]}"
470_0,-0.22465208,470,"{""type"":""MultiPoint"",""coordinates"":[]}"
471_0,-0.14203848,471,"{""type"":""MultiPoint"",""coordinates"":[]}"
472_0,-0.026242487,472,"{""type"":""MultiPoint"",""coordinates"":[]}"
473_0,-0.20204604,473,"{""type"":""MultiPoint"",""coordinates"":[]}"
474_0,-0.1966936,474,"{""type"":""MultiPoint"",""coordinates"":[]}"
475_0,-0.112655565,475,"{""type"":""MultiPoint"",""coordinates"":[]}"
480_0,-0.3147023,480,"{""type"":""MultiPoint"",""coordinates"":[]}"
481_0,-0.048509125,481,"{""type"":""MultiPoint"",""coordinates"":[]}"
482_0,-0.17084369,482,"{""type"":""MultiPoint"",""coordinates"":[]}"
483_0,-0.17003676,483,"{""type"":""MultiPoint"",""coordinates"":[]}"
484_0,-0.10934637,484,"{""type"":""MultiPoint"",""coordinates"":[]}"
485_0,-0.29598507,485,"{""type"":""MultiPoint"",""coordinates"":[]}"
486_0,0.06278714,486,"{""type"":""MultiPoint"",""coordinates"":[]}"
487_0,-0.09476713,487,"{""type"":""MultiPoint"",""coordinates"":[]}"
488_0,-0.007144617,488,"{""type"":""MultiPoint"",""coordinates"":[]}"
489_0,-0.010404065,489,"{""type"":""MultiPoint"",""coordinates"":[]}"
490_0,-0.1628866,490,"{""type"":""MultiPoint"",""coordinates"":[]}"
491_0,0.16660164,491,"{""type"":""MultiPoint"",""coordinates"":[]}"
492_0,0.039016567,492,"{""type"":""MultiPoint"",""coordinates"":[]}"
493_0,-0.0074117994,493,"{""type"":""MultiPoint"",""coordinates"":[]}"
494_0,0.041187003,494,"{""type"":""MultiPoint"",""coordinates"":[]}"
495_0,0.007706728,495,"{""type"":""MultiPoint"",""coordinates"":[]}"
496_0,-0.25596708,496,"{""type"":""MultiPoint"",""coordinates"":[]}"
497_0,0.10267976,497,"{""type"":""MultiPoint"",""coordinates"":[]}"
498_0,0.15588014,498,"{""type"":""MultiPoint"",""coordinates"":[]}"
499_0,-0.16084717,499,"{""type"":""MultiPoint"",""coordinates"":[]}"
500_0,-0.15898618,500,"{""type"":""MultiPoint"",""coordinates"":[]}"
501_0,-0.01728395,501,"{""type"":""MultiPoint"",""coordinates"":[]}"
502_0,0.008060692,502,"{""type"":""MultiPoint"",""coordinates"":[]}"
503_0,-0.29702756,503,"{""type"":""MultiPoint"",""coordinates"":[]}"
504_0,-0.11681592,504,"{""type"":""MultiPoint"",""coordinates"":[]}"
505_0,-0.12909025,505,"{""type"":""MultiPoint"",""coordinates"":[]}"
506_0,-0.20051414,506,"{""type"":""MultiPoint"",""coordinates"":[]}"
507_0,-0.15309869,507,"{""type"":""MultiPoint"",""coordinates"":[]}"
508_0,-0.13319606,508,"{""type"":""MultiPoint"",""coordinates"":[]}"
509_0,-0.21883975,509,"{""type"":""MultiPoint"",""coordinates"":[]}"
510_0,-0.30206677,510,"{""type"":""MultiPoint"",""coordinates"":[]}"
511_0,-0.20398407,511,"{""type"":""MultiPoint"",""coordinates"":[]}"
512_0,-0.045270815,512,"{""type"":""MultiPoint"",""coordinates"":[]}"
513_0,-0.13901663,513,"{""type"":""MultiPoint"",""coordinates"":[]}"
514_0,-0.24364723,514,"{""type"":""MultiPoint"",""coordinates"":[]}"
520_0,-0.036101084,520,"{""type"":""MultiPoint"",""coordinates"":[]}"
521_0,0.0028401755,521,"{""type"":""MultiPoint"",""coordinates"":[]}"
522_0,-0.061355766,522,"{""type"":""MultiPoint"",""coordinates"":[]}"
523_0,-0.14081633,523,"{""type"":""MultiPoint"",""coordinates"":[]}"
524_0,0.22849639,524,"{""type"":""MultiPoint"",""coordinates"":[]}"
525_0,0.02680312,525,"{""type"":""MultiPoint"",""coordinates"":[]}"
526_0,0.03245887,526,"{""type"":""MultiPoint"",""coordinates"":[]}"
527_0,0.18489636,527,"{""type"":""MultiPoint"",""coordinates"":[]}"
528_0,0.06900531,528,"{""type"":""MultiPoint"",""coordinates"":[]}"
529_0,-0.0028694405,529,"{""type"":""MultiPoint"",""coordinates"":[]}"
530_0,0.015758917,530,"{""type"":""MultiPoint"",""coordinates"":[]}"
531_0,0.0122225,531,"{""type"":""MultiPoint"",""coordinates"":[]}"
532_0,0.18834081,532,"{""type"":""MultiPoint"",""coordinates"":[]}"
533_0,-0.009983361,533,"{""type"":""MultiPoint"",""coordinates"":[]}"
534_0,-0.34725052,534,"{""type"":""MultiPoint"",""coordinates"":[]}"
535_0,-0.10169921,535,"{""type"":""MultiPoint"",""coordinates"":[]}"
536_0,-0.016385425,536,"{""type"":""MultiPoint"",""coordinates"":[]}"
537_0,-0.24338253,537,"{""type"":""MultiPoint"",""coordinates"":[]}"
538_0,-0.08452814,538,"{""type"":""MultiPoint"",""coordinates"":[]}"
539_0,0.035188217,539,"{""type"":""MultiPoint"",""coordinates"":[]}"
540_0,-0.05206164,540,"{""type"":""MultiPoint"",""coordinates"":[]}"
541_0,-0.06611853,541,"{""type"":""MultiPoint"",""coordinates"":[]}"
542_0,0.1688166,542,"{""type"":""MultiPoint"",""coordinates"":[]}"
543_0,0.046554934,543,"{""type"":""MultiPoint"",""coordinates"":[]}"
544_0,-0.2123262,544,"{""type"":""MultiPoint"",""coordinates"":[]}"
545_0,-0.19749688,545,"{""type"":""MultiPoint"",""coordinates"":[]}"
546_0,-0.2780536,546,"{""type"":""MultiPoint"",""coordinates"":[]}"
547_0,-0.019687437,547,"{""type"":""MultiPoint"",""coordinates"":[]}"
548_0,-0.2659091,548,"{""type"":""MultiPoint"",""coordinates"":[]}"
549_0,-0.16850513,549,"{""type"":""MultiPoint"",""coordinates"":[]}"
550_0,-0.27566403,550,"{""type"":""MultiPoint"",""coordinates"":[]}"
551_0,-0.12734374,551,"{""type"":""MultiPoint"",""coordinates"":[]}"
552_0,-0.21796617,552,"{""type"":""MultiPoint"",""coordinates"":[]}"
553_0,-0.108390346,553,"{""type"":""MultiPoint"",""coordinates"":[]}"
558_0,-0.27318463,558,"{""type"":""MultiPoint"",""coordinates"":[]}"
560_0,-0.21646881,560,"{""type"":""MultiPoint"",""coordinates"":[]}"
561_0,-0.1581322,561,"{""type"":""MultiPoint"",""coordinates"":[]}"
562_0,-0.014832162,562,"{""type"":""MultiPoint"",""coordinates"":[]}"
563_0,0.011991535,563,"{""type"":""MultiPoint"",""coordinates"":[]}"
564_0,0.069767445,564,"{""type"":""MultiPoint"",""coordinates"":[]}"
565_0,0.047335677,565,"{""type"":""MultiPoint"",""coordinates"":[]}"
566_0,0.12717949,566,"{""type"":""MultiPoint"",""coordinates"":[]}"
567_0,-0.29163924,567,"{""type"":""MultiPoint"",""coordinates"":[]}"
568_0,-0.20933773,568,"{""type"":""MultiPoint"",""coordinates"":[]}"
569_0,0.019746121,569,"{""type"":""MultiPoint"",""coordinates"":[]}"
570_0,-0.17594455,570,"{""type"":""MultiPoint"",""coordinates"":[]}"
571_0,-0.40439603,571,"{""type"":""MultiPoint"",""coordinates"":[]}"
572_0,-0.007137583,572,"{""type"":""MultiPoint"",""coordinates"":[]}"
573_0,0.14727086,573,"{""type"":""MultiPoint"",""coordinates"":[]}"
574_0,0.21605465,574,"{""type"":""MultiPoint"",""coordinates"":[]}"
575_0,0.0640528,575,"{""type"":""MultiPoint"",""coordinates"":[]}"
576_0,0.008547009,576,"{""type"":""MultiPoint"",""coordinates"":[]}"
577_0,0.11273352,577,"{""type"":""MultiPoint"",""coordinates"":[]}"
578_0,-0.17762353,578,"{""type"":""MultiPoint"",""coordinates"":[]}"
579_0,-0.007790078,579,"{""type"":""MultiPoint"",""coordinates"":[]}"
580_0,-0.072118625,580,"{""type"":""MultiPoint"",""coordinates"":[]}"
581_0,-0.11020777,581,"{""type"":""MultiPoint"",""coordinates"":[]}"
582_0,-0.4764735,582,"{""type"":""MultiPoint"",""coordinates"":[]}"
583_0,0.03046436,583,"{""type"":""MultiPoint"",""coordinates"":[]}"
584_0,-0.23912543,584,"{""type"":""MultiPoint"",""coordinates"":[]}"
585_0,-0.19020464,585,"{""type"":""MultiPoint"",""coordinates"":[]}"
586_0,-0.28659645,586,"{""type"":""MultiPoint"",""coordinates"":[]}"
587_0,-0.054670684,587,"{""type"":""MultiPoint"",""coordinates"":[]}"
588_0,-0.28386295,588,"{""type"":""MultiPoint"",""coordinates"":[]}"
589_0,-0.061805993,589,"{""type"":""MultiPoint"",""coordinates"":[]}"
590_0,-0.14533444,590,"{""type"":""MultiPoint"",""coordinates"":[]}"
591_0,-0.19360414,591,"{""type"":""MultiPoint"",""coordinates"":[]}"
592_0,0.021867115,592,"{""type"":""MultiPoint"",""coordinates"":[]}"
593_0,-0.006554989,593,"{""type"":""MultiPoint"",""coordinates"":[]}"
594_0,-0.29921585,594,"{""type"":""MultiPoint"",""coordinates"":[]}"
596_0,-0.28321317,596,"{""type"":""MultiPoint"",""coordinates"":[]}"
597_0,-0.2716809,597,"{""type"":""MultiPoint"",""coordinates"":[]}"
600_0,-0.066447236,600,"{""type"":""MultiPoint"",""coordinates"":[]}"
601_0,-0.12481203,601,"{""type"":""MultiPoint"",""coordinates"":[]}"
602_0,-0.15349753,602,"{""type"":""MultiPoint"",""coordinates"":[]}"
603_0,0.035515826,603,"{""type"":""MultiPoint"",""coordinates"":[]}"
604_0,0.12302174,604,"{""type"":""MultiPoint"",""coordinates"":[]}"
605_0,-0.0065447222,605,"{""type"":""MultiPoint"",""coordinates"":[]}"
606_0,0.063506424,606,"{""type"":""MultiPoint"",""coordinates"":[]}"
607_0,0.07282153,607,"{""type"":""MultiPoint"",""coordinates"":[]}"
608_0,0.04191919,608,"{""type"":""MultiPoint"",""coordinates"":[]}"
609_0,0.07004471,609,"{""type"":""MultiPoint"",""coordinates"":[]}"
610_0,-0.15714286,610,"{""type"":""MultiPoint"",""coordinates"":[]}"
611_0,0.016137708,611,"{""type"":""MultiPoint"",""coordinates"":[]}"
612_0,0.056664005,612,"{""type"":""MultiPoint"",""coordinates"":[]}"
613_0,0.05102717,613,"{""type"":""MultiPoint"",""coordinates"":[]}"
614_0,0.038451996,614,"{""type"":""MultiPoint"",""coordinates"":[]}"
615_0,-0.10325655,615,"{""type"":""MultiPoint"",""coordinates"":[]}"
616_0,0.08101572,616,"{""type"":""MultiPoint"",""coordinates"":[]}"
617_0,-0.026647286,617,"{""type"":""MultiPoint"",""coordinates"":[]}"
618_0,0.03491231,618,"{""type"":""MultiPoint"",""coordinates"":[]}"
619_0,0.10715979,619,"{""type"":""MultiPoint"",""coordinates"":[]}"
620_0,0.084626235,620,"{""type"":""MultiPoint"",""coordinates"":[]}"
621_0,-0.31141552,621,"{""type"":""MultiPoint"",""coordinates"":[]}"
622_0,-0.41162178,622,"{""type"":""MultiPoint"",""coordinates"":[]}"
623_0,-0.20419912,623,"{""type"":""MultiPoint"",""coordinates"":[]}"
624_0,-0.29943043,624,"{""type"":""MultiPoint"",""coordinates"":[]}"
625_0,-0.06556179,625,"{""type"":""MultiPoint"",""coordinates"":[]}"
626_0,-0.13003975,626,"{""type"":""MultiPoint"",""coordinates"":[]}"
627_0,-0.030584592,627,"{""type"":""MultiPoint"",""coordinates"":[]}"
628_0,-0.070521586,628,"{""type"":""MultiPoint"",""coordinates"":[]}"
629_0,-0.21660815,629,"{""type"":""MultiPoint"",""coordinates"":[]}"
630_0,-0.18226601,630,"{""type"":""MultiPoint"",""coordinates"":[]}"
631_0,-0.2035955,631,"{""type"":""MultiPoint"",""coordinates"":[]}"
632_0,-0.18011929,632,"{""type"":""MultiPoint"",""coordinates"":[]}"
633_0,-0.051449277,633,"{""type"":""MultiPoint"",""coordinates"":[]}"
634_0,-0.14141218,634,"{""type"":""MultiPoint"",""coordinates"":[]}"
636_0,-0.31069297,636,"{""type"":""MultiPoint"",""coordinates"":[]}"
637_0,-0.24135682,637,"{""type"":""MultiPoint"",""coordinates"":[]}"
638_0,-0.046632126,638,"{""type"":""MultiPoint"",""coordinates"":[]}"
640_0,-0.15211152,640,"{""type"":""MultiPoint"",""coordinates"":[]}"
641_0,0.05741811,641,"{""type"":""MultiPoint"",""coordinates"":[]}"
642_0,-0.055079006,642,"{""type"":""MultiPoint"",""coordinates"":[]}"
643_0,-0.10584824,643,"{""type"":""MultiPoint"",""coordinates"":[]}"
644_0,0.14442779,644,"{""type"":""MultiPoint"",""coordinates"":[]}"
645_0,0.08734403,645,"{""type"":""MultiPoint"",""coordinates"":[]}"
646_0,0.07036077,646,"{""type"":""MultiPoint"",""coordinates"":[]}"
647_0,0.14959067,647,"{""type"":""MultiPoint"",""coordinates"":[]}"
648_0,-0.058002617,648,"{""type"":""MultiPoint"",""coordinates"":[]}"
649_0,-0.03524867,649,"{""type"":""MultiPoint"",""coordinates"":[]}"
650_0,0.048958335,650,"{""type"":""MultiPoint"",""coordinates"":[]}"
651_0,-0.18257345,651,"{""type"":""MultiPoint"",""coordinates"":[]}"
652_0,-0.013838311,652,"{""type"":""MultiPoint"",""coordinates"":[]}"
653_0,-0.39164138,653,"{""type"":""MultiPoint"",""coordinates"":[]}"
654_0,0.0,654,"{""type"":""MultiPoint"",""coordinates"":[]}"
655_0,-0.19750682,655,"{""type"":""MultiPoint"",""coordinates"":[]}"
656_0,-0.19323552,656,"{""type"":""MultiPoint"",""coordinates"":[]}"
657_0,-0.035541195,657,"{""type"":""MultiPoint"",""coordinates"":[]}"
658_0,0.09540636,658,"{""type"":""MultiPoint"",""coordinates"":[]}"
659_0,-0.06341934,659,"{""type"":""MultiPoint"",""coordinates"":[]}"
660_0,-0.2807464,660,"{""type"":""MultiPoint"",""coordinates"":[]}"
661_0,-0.21661055,661,"{""type"":""MultiPoint"",""coordinates"":[]}"
662_0,-0.36727542,662,"{""type"":""MultiPoint"",""coordinates"":[]}"
663_0,-0.20032115,663,"{""type"":""MultiPoint"",""coordinates"":[]}"
664_0,-0.26013598,664,"{""type"":""MultiPoint"",""coordinates"":[]}"
665_0,-0.15313771,665,"{""type"":""MultiPoint"",""coordinates"":[]}"
666_0,0.02503611,666,"{""type"":""MultiPoint"",""coordinates"":[]}"
667_0,0.1775254,667,"{""type"":""MultiPoint"",""coordinates"":[]}"
668_0,-0.29470405,668,"{""type"":""MultiPoint"",""coordinates"":[]}"
669_0,-0.2140575,669,"{""type"":""MultiPoint"",""coordinates"":[]}"
670_0,-0.17375508,670,"{""type"":""MultiPoint"",""coordinates"":[]}"
671_0,-0.15159574,671,"{""type"":""MultiPoint"",""coordinates"":[]}"
672_0,-0.2518389,672,"{""type"":""MultiPoint"",""coordinates"":[]}"
673_0,-0.14743468,673,"{""type"":""MultiPoint"",""coordinates"":[]}"
674_0,-0.06533841,674,"{""type"":""MultiPoint"",""coordinates"":[]}"
675_0,-0.02589372,675,"{""type"":""MultiPoint"",""coordinates"":[]}"
676_0,-0.30401188,676,"{""type"":""MultiPoint"",""coordinates"":[]}"
677_0,-0.035444774,677,"{""type"":""MultiPoint"",""coordinates"":[]}"
680_0,-0.23580495,680,"{""type"":""MultiPoint"",""coordinates"":[]}"
681_0,0.08428967,681,"{""type"":""MultiPoint"",""coordinates"":[]}"
682_0,-0.03865213,682,"{""type"":""MultiPoint"",""coordinates"":[]}"
683_0,-0.04050799,683,"{""type"":""MultiPoint"",""coordinates"":[]}"
684_0,0.0276996,684,"{""type"":""MultiPoint"",""coordinates"":[]}"
685_0,0.23209628,685,"{""type"":""MultiPoint"",""coordinates"":[]}"
686_0,-0.114107884,686,"{""type"":""MultiPoint"",""coordinates"":[]}"
687_0,0.04706614,687,"{""type"":""MultiPoint"",""coordinates"":[]}"
688_0,-0.30964467,688,"{""type"":""MultiPoint"",""coordinates"":[]}"
689_0,-0.16460638,689,"{""type"":""MultiPoint"",""coordinates"":[]}"
690_0,-0.17230903,690,"{""type"":""MultiPoint"",""coordinates"":[]}"
691_0,-0.19712116,691,"{""type"":""MultiPoint"",""coordinates"":[]}"
692_0,-0.07148176,692,"{""type"":""MultiPoint"",""coordinates"":[]}"
693_0,-0.18200597,693,"{""type"":""MultiPoint"",""coordinates"":[]}"
694_0,0.038762975,694,"{""type"":""MultiPoint"",""coordinates"":[]}"
695_0,-0.22879758,695,"{""type"":""MultiPoint"",""coordinates"":[]}"
696_0,-0.20721868,696,"{""type"":""MultiPoint"",""coordinates"":[]}"
697_0,0.13184738,697,"{""type"":""MultiPoint"",""coordinates"":[]}"
698_0,-0.09382151,698,"{""type"":""MultiPoint"",""coordinates"":[]}"
699_0,0.13455434,699,"{""type"":""MultiPoint"",""coordinates"":[]}"
700_0,-0.18018456,700,"{""type"":""MultiPoint"",""coordinates"":[]}"
701_0,0.0031690141,701,"{""type"":""MultiPoint"",""coordinates"":[]}"
702_0,-0.21812434,702,"{""type"":""MultiPoint"",""coordinates"":[]}"
703_0,-0.08972142,703,"{""type"":""MultiPoint"",""coordinates"":[]}"
704_0,-0.09735908,704,"{""type"":""MultiPoint"",""coordinates"":[]}"
705_0,-0.16986248,705,"{""type"":""MultiPoint"",""coordinates"":[]}"
706_0,-0.17371082,706,"{""type"":""MultiPoint"",""coordinates"":[]}"
707_0,-0.24011388,707,"{""type"":""MultiPoint"",""coordinates"":[]}"
708_0,-0.24841915,708,"{""type"":""MultiPoint"",""coordinates"":[]}"
709_0,-0.34395027,709,"{""type"":""MultiPoint"",""coordinates"":[]}"
710_0,0.041624367,710,"{""type"":""MultiPoint"",""coordinates"":[]}"
711_0,-0.25622103,711,"{""type"":""MultiPoint"",""coordinates"":[]}"
712_0,-0.16704087,712,"{""type"":""MultiPoint"",""coordinates"":[]}"
713_0,-0.09738914,713,"{""type"":""MultiPoint"",""coordinates"":[]}"
714_0,-0.12961012,714,"{""type"":""MultiPoint"",""coordinates"":[]}"
715_0,-0.07408398,715,"{""type"":""MultiPoint"",""coordinates"":[]}"
716_0,-0.3043676,716,"{""type"":""MultiPoint"",""coordinates"":[]}"
717_0,-0.20446096,717,"{""type"":""MultiPoint"",""coordinates"":[]}"
718_0,-0.24058174,718,"{""type"":""MultiPoint"",""coordinates"":[]}"
720_0,-0.09206855,720,"{""type"":""MultiPoint"",""coordinates"":[]}"
721_0,-0.30715746,721,"{""type"":""MultiPoint"",""coordinates"":[]}"
722_0,-0.07674892,722,"{""type"":""MultiPoint"",""coordinates"":[]}"
723_0,-0.11015119,723,"{""type"":""MultiPoint"",""coordinates"":[]}"
724_0,0.08555268,724,"{""type"":""MultiPoint"",""coordinates"":[]}"
725_0,-0.0952381,725,"{""type"":""MultiPoint"",""coordinates"":[]}"
726_0,0.13427047,726,"{""type"":""MultiPoint"",""coordinates"":[]}"
727_0,-0.070282236,727,"{""type"":""MultiPoint"",""coordinates"":[]}"
728_0,-0.12195122,728,"{""type"":""MultiPoint"",""coordinates"":[]}"
729_0,0.31922007,729,"{""type"":""MultiPoint"",""coordinates"":[]}"
730_0,0.019940179,730,"{""type"":""MultiPoint"",""coordinates"":[]}"
731_0,-0.15387642,731,"{""type"":""MultiPoint"",""coordinates"":[]}"
732_0,-0.26515502,732,"{""type"":""MultiPoint"",""coordinates"":[]}"
733_0,-0.023517383,733,"{""type"":""MultiPoint"",""coordinates"":[]}"
734_0,-0.021594685,734,"{""type"":""MultiPoint"",""coordinates"":[]}"
735_0,0.0054644807,735,"{""type"":""MultiPoint"",""coordinates"":[]}"
736_0,-0.2119905,736,"{""type"":""MultiPoint"",""coordinates"":[]}"
737_0,0.105274215,737,"{""type"":""MultiPoint"",""coordinates"":[]}"
738_0,-0.10078193,738,"{""type"":""MultiPoint"",""coordinates"":[]}"
739_0,-0.12876712,739,"{""type"":""MultiPoint"",""coordinates"":[]}"
740_0,-0.34339052,740,"{""type"":""MultiPoint"",""coordinates"":[]}"
741_0,-0.16288877,741,"{""type"":""MultiPoint"",""coordinates"":[]}"
742_0,0.1216562,742,"{""type"":""MultiPoint"",""coordinates"":[]}"
743_0,-0.34384742,743,"{""type"":""MultiPoint"",""coordinates"":[]}"
744_0,-0.0018903592,744,"{""type"":""MultiPoint"",""coordinates"":[]}"
745_0,-0.41912293,745,"{""type"":""MultiPoint"",""coordinates"":[]}"
746_0,0.016645327,746,"{""type"":""MultiPoint"",""coordinates"":[]}"
747_0,0.009345794,747,"{""type"":""MultiPoint"",""coordinates"":[]}"
748_0,-0.20245399,748,"{""type"":""MultiPoint"",""coordinates"":[]}"
749_0,-0.27272728,749,"{""type"":""MultiPoint"",""coordinates"":[]}"
750_0,-0.33835617,750,"{""type"":""MultiPoint"",""coordinates"":[]}"
751_0,-0.23887974,751,"{""type"":""MultiPoint"",""coordinates"":[]}"
752_0,-0.04240413,752,"{""type"":""MultiPoint"",""coordinates"":[]}"
753_0,-0.1274463,753,"{""type"":""MultiPoint"",""coordinates"":[]}"
754_0,-0.19566125,754,"{""type"":""MultiPoint"",""coordinates"":[]}"
755_0,-0.2297593,755,"{""type"":""MultiPoint"",""coordinates"":[]}"
756_0,-0.25,756,"{""type"":""MultiPoint"",""coordinates"":[]}"
757_0,-0.2169576,757,"{""type"":""MultiPoint"",""coordinates"":[]}"
758_0,-0.09727082,758,"{""type"":""MultiPoint"",""coordinates"":[]}"
760_0,-0.14876449,760,"{""type"":""MultiPoint"",""coordinates"":[]}"
761_0,-0.018137848,761,"{""type"":""MultiPoint"",""coordinates"":[]}"
762_0,-0.04446461,762,"{""type"":""MultiPoint"",""coordinates"":[]}"
763_0,0.16536431,763,"{""type"":""MultiPoint"",""coordinates"":[]}"
764_0,0.06884727,764,"{""type"":""MultiPoint"",""coordinates"":[]}"
765_0,0.04869086,765,"{""type"":""MultiPoint"",""coordinates"":[]}"
766_0,0.081319705,766,"{""type"":""MultiPoint"",""coordinates"":[]}"
767_0,-0.23302412,767,"{""type"":""MultiPoint"",""coordinates"":[]}"
768_0,0.039917056,768,"{""type"":""MultiPoint"",""coordinates"":[]}"
769_0,5.924171E-4,769,"{""type"":""MultiPoint"",""coordinates"":[]}"
770_0,0.034806415,770,"{""type"":""MultiPoint"",""coordinates"":[]}"
771_0,-0.06419753,771,"{""type"":""MultiPoint"",""coordinates"":[]}"
772_0,-0.17252098,772,"{""type"":""MultiPoint"",""coordinates"":[]}"
773_0,0.27910686,773,"{""type"":""MultiPoint"",""coordinates"":[]}"
774_0,-0.2392124,774,"{""type"":""MultiPoint"",""coordinates"":[]}"
775_0,-0.017384328,775,"{""type"":""MultiPoint"",""coordinates"":[]}"
776_0,-0.011826544,776,"{""type"":""MultiPoint"",""coordinates"":[]}"
777_0,0.05691057,777,"{""type"":""MultiPoint"",""coordinates"":[]}"
778_0,-0.19512777,778,"{""type"":""MultiPoint"",""coordinates"":[]}"
779_0,-0.17679685,779,"{""type"":""MultiPoint"",""coordinates"":[]}"
780_0,-0.03524004,780,"{""type"":""MultiPoint"",""coordinates"":[]}"
781_0,-0.035648808,781,"{""type"":""MultiPoint"",""coordinates"":[]}"
782_0,-0.09209545,782,"{""type"":""MultiPoint"",""coordinates"":[]}"
783_0,0.0987055,783,"{""type"":""MultiPoint"",""coordinates"":[]}"
788_0,-0.06759099,788,"{""type"":""MultiPoint"",""coordinates"":[]}"
789_0,-0.16865672,789,"{""type"":""MultiPoint"",""coordinates"":[]}"
790_0,-0.22712822,790,"{""type"":""MultiPoint"",""coordinates"":[]}"
791_0,-0.31420672,791,"{""type"":""MultiPoint"",""coordinates"":[]}"
792_0,-0.06140008,792,"{""type"":""MultiPoint"",""coordinates"":[]}"
795_0,-0.17559913,795,"{""type"":""MultiPoint"",""coordinates"":[]}"
796_0,-0.30716723,796,"{""type"":""MultiPoint"",""coordinates"":[]}"
797_0,-0.12837838,797,"{""type"":""MultiPoint"",""coordinates"":[]}"
798_0,-0.15028681,798,"{""type"":""MultiPoint"",""coordinates"":[]}"
800_0,-0.10420332,800,"{""type"":""MultiPoint"",""coordinates"":[]}"
801_0,-0.034945704,801,"{""type"":""MultiPoint"",""coordinates"":[]}"
802_0,-0.11676203,802,"{""type"":""MultiPoint"",""coordinates"":[]}"
803_0,0.028484233,803,"{""type"":""MultiPoint"",""coordinates"":[]}"
804_0,0.026370866,804,"{""type"":""MultiPoint"",""coordinates"":[]}"
805_0,0.092639595,805,"{""type"":""MultiPoint"",""coordinates"":[]}"
806_0,0.1171875,806,"{""type"":""MultiPoint"",""coordinates"":[]}"
807_0,-0.011872526,807,"{""type"":""MultiPoint"",""coordinates"":[]}"
808_0,-0.0943072,808,"{""type"":""MultiPoint"",""coordinates"":[]}"
809_0,-9.680542E-4,809,"{""type"":""MultiPoint"",""coordinates"":[]}"
810_0,-0.028243179,810,"{""type"":""MultiPoint"",""coordinates"":[]}"
811_0,-0.021036651,811,"{""type"":""MultiPoint"",""coordinates"":[]}"
812_0,0.024137037,812,"{""type"":""MultiPoint"",""coordinates"":[]}"
813_0,-0.0964501,813,"{""type"":""MultiPoint"",""coordinates"":[]}"
814_0,0.16925593,814,"{""type"":""MultiPoint"",""coordinates"":[]}"
815_0,0.077957556,815,"{""type"":""MultiPoint"",""coordinates"":[]}"
816_0,-0.02834467,816,"{""type"":""MultiPoint"",""coordinates"":[]}"
817_0,-0.13143697,817,"{""type"":""MultiPoint"",""coordinates"":[]}"
818_0,-0.1538266,818,"{""type"":""MultiPoint"",""coordinates"":[]}"
819_0,-0.17844106,819,"{""type"":""MultiPoint"",""coordinates"":[]}"
820_0,-0.14125994,820,"{""type"":""MultiPoint"",""coordinates"":[]}"
821_0,-0.05147247,821,"{""type"":""MultiPoint"",""coordinates"":[]}"
822_0,0.038281057,822,"{""type"":""MultiPoint"",""coordinates"":[]}"
823_0,-0.13710532,823,"{""type"":""MultiPoint"",""coordinates"":[]}"
824_0,-0.15876126,824,"{""type"":""MultiPoint"",""coordinates"":[]}"
825_0,-0.035820894,825,"{""type"":""MultiPoint"",""coordinates"":[]}"
828_0,-0.015588003,828,"{""type"":""MultiPoint"",""coordinates"":[]}"
829_0,-0.11534604,829,"{""type"":""MultiPoint"",""coordinates"":[]}"
830_0,-0.14191826,830,"{""type"":""MultiPoint"",""coordinates"":[]}"
831_0,-0.013243439,831,"{""type"":""MultiPoint"",""coordinates"":[]}"
832_0,-0.004887847,832,"{""type"":""MultiPoint"",""coordinates"":[]}"
836_0,-0.16783692,836,"{""type"":""MultiPoint"",""coordinates"":[]}"
837_0,-0.13331647,837,"{""type"":""MultiPoint"",""coordinates"":[]}"
838_0,-0.08086301,838,"{""type"":""MultiPoint"",""coordinates"":[]}"
840_0,-0.21568628,840,"{""type"":""MultiPoint"",""coordinates"":[]}"
841_0,-0.2548711,841,"{""type"":""MultiPoint"",""coordinates"":[]}"
842_0,-0.033557046,842,"{""type"":""MultiPoint"",""coordinates"":[]}"
843_0,-0.17029862,843,"{""type"":""MultiPoint"",""coordinates"":[]}"
844_0,-0.1229754,844,"{""type"":""MultiPoint"",""coordinates"":[]}"
845_0,-0.14089902,845,"{""type"":""MultiPoint"",""coordinates"":[]}"
846_0,-0.016153349,846,"{""type"":""MultiPoint"",""coordinates"":[]}"
847_0,0.036233094,847,"{""type"":""MultiPoint"",""coordinates"":[]}"
848_0,0.045095105,848,"{""type"":""MultiPoint"",""coordinates"":[]}"
849_0,-0.19460501,849,"{""type"":""MultiPoint"",""coordinates"":[]}"
850_0,0.015129683,850,"{""type"":""MultiPoint"",""coordinates"":[]}"
851_0,-0.31741104,851,"{""type"":""MultiPoint"",""coordinates"":[]}"
852_0,-0.2504105,852,"{""type"":""MultiPoint"",""coordinates"":[]}"
853_0,0.100816004,853,"{""type"":""MultiPoint"",""coordinates"":[]}"
854_0,0.015688803,854,"{""type"":""MultiPoint"",""coordinates"":[]}"
855_0,-0.1170709,855,"{""type"":""MultiPoint"",""coordinates"":[]}"
856_0,-0.032961585,856,"{""type"":""MultiPoint"",""coordinates"":[]}"
857_0,-0.29167596,857,"{""type"":""MultiPoint"",""coordinates"":[]}"
858_0,-0.024390243,858,"{""type"":""MultiPoint"",""coordinates"":[]}"
859_0,-0.26037228,859,"{""type"":""MultiPoint"",""coordinates"":[]}"
860_0,-0.13864307,860,"{""type"":""MultiPoint"",""coordinates"":[]}"
861_0,-0.035187285,861,"{""type"":""MultiPoint"",""coordinates"":[]}"
862_0,-0.048354328,862,"{""type"":""MultiPoint"",""coordinates"":[]}"
863_0,0.07569444,863,"{""type"":""MultiPoint"",""coordinates"":[]}"
864_0,-0.22821158,864,"{""type"":""MultiPoint"",""coordinates"":[]}"
867_0,-0.12752558,867,"{""type"":""MultiPoint"",""coordinates"":[]}"
868_0,-0.06728871,868,"{""type"":""MultiPoint"",""coordinates"":[]}"
869_0,-0.16512549,869,"{""type"":""MultiPoint"",""coordinates"":[]}"
870_0,-0.33940005,870,"{""type"":""MultiPoint"",""coordinates"":[]}"
871_0,-0.106354214,871,"{""type"":""MultiPoint"",""coordinates"":[]}"
872_0,-0.13816343,872,"{""type"":""MultiPoint"",""coordinates"":[]}"
875_0,-0.025095057,875,"{""type"":""MultiPoint"",""coordinates"":[]}"
876_0,-0.3317451,876,"{""type"":""MultiPoint"",""coordinates"":[]}"
877_0,-0.127254,877,"{""type"":""MultiPoint"",""coordinates"":[]}"
878_0,-0.13867028,878,"{""type"":""MultiPoint"",""coordinates"":[]}"
880_0,-0.17169125,880,"{""type"":""MultiPoint"",""coordinates"":[]}"
881_0,-0.07084469,881,"{""type"":""MultiPoint"",""coordinates"":[]}"
882_0,0.10647587,882,"{""type"":""MultiPoint"",""coordinates"":[]}"
883_0,-0.043207128,883,"{""type"":""MultiPoint"",""coordinates"":[]}"
884_0,-0.17008974,884,"{""type"":""MultiPoint"",""coordinates"":[]}"
885_0,-0.02117647,885,"{""type"":""MultiPoint"",""coordinates"":[]}"
886_0,-0.26592082,886,"{""type"":""MultiPoint"",""coordinates"":[]}"
887_0,0.07643021,887,"{""type"":""MultiPoint"",""coordinates"":[]}"
888_0,-0.21980368,888,"{""type"":""MultiPoint"",""coordinates"":[]}"
889_0,-0.013965087,889,"{""type"":""MultiPoint"",""coordinates"":[]}"
890_0,0.03218646,890,"{""type"":""MultiPoint"",""coordinates"":[]}"
891_0,0.10512688,891,"{""type"":""MultiPoint"",""coordinates"":[]}"
892_0,-0.092981674,892,"{""type"":""MultiPoint"",""coordinates"":[]}"
893_0,-0.12853333,893,"{""type"":""MultiPoint"",""coordinates"":[]}"
894_0,0.06588479,894,"{""type"":""MultiPoint"",""coordinates"":[]}"
895_0,0.100764416,895,"{""type"":""MultiPoint"",""coordinates"":[]}"
896_0,-0.14807503,896,"{""type"":""MultiPoint"",""coordinates"":[]}"
897_0,-0.18377957,897,"{""type"":""MultiPoint"",""coordinates"":[]}"
898_0,-0.16067702,898,"{""type"":""MultiPoint"",""coordinates"":[]}"
899_0,-0.25458443,899,"{""type"":""MultiPoint"",""coordinates"":[]}"
900_0,0.098270774,900,"{""type"":""MultiPoint"",""coordinates"":[]}"
901_0,-0.118773945,901,"{""type"":""MultiPoint"",""coordinates"":[]}"
902_0,-0.2941901,902,"{""type"":""MultiPoint"",""coordinates"":[]}"
903_0,-0.089127265,903,"{""type"":""MultiPoint"",""coordinates"":[]}"
904_0,-0.23175828,904,"{""type"":""MultiPoint"",""coordinates"":[]}"
906_0,-0.1374527,906,"{""type"":""MultiPoint"",""coordinates"":[]}"
907_0,-0.2728094,907,"{""type"":""MultiPoint"",""coordinates"":[]}"
909_0,-0.1522124,909,"{""type"":""MultiPoint"",""coordinates"":[]}"
910_0,-0.22131482,910,"{""type"":""MultiPoint"",""coordinates"":[]}"
911_0,0.019607844,911,"{""type"":""MultiPoint"",""coordinates"":[]}"
912_0,-0.1831097,912,"{""type"":""MultiPoint"",""coordinates"":[]}"
914_0,-0.02448355,914,"{""type"":""MultiPoint"",""coordinates"":[]}"
915_0,0.0075905444,915,"{""type"":""MultiPoint"",""coordinates"":[]}"
916_0,-0.21578045,916,"{""type"":""MultiPoint"",""coordinates"":[]}"
917_0,-0.1981587,917,"{""type"":""MultiPoint"",""coordinates"":[]}"
918_0,-0.1678768,918,"{""type"":""MultiPoint"",""coordinates"":[]}"
920_0,0.08428835,920,"{""type"":""MultiPoint"",""coordinates"":[]}"
921_0,-0.23065421,921,"{""type"":""MultiPoint"",""coordinates"":[]}"
922_0,0.03527256,922,"{""type"":""MultiPoint"",""coordinates"":[]}"
923_0,0.0057978323,923,"{""type"":""MultiPoint"",""coordinates"":[]}"
924_0,0.044672042,924,"{""type"":""MultiPoint"",""coordinates"":[]}"
925_0,-0.038972948,925,"{""type"":""MultiPoint"",""coordinates"":[]}"
926_0,-0.028790787,926,"{""type"":""MultiPoint"",""coordinates"":[]}"
927_0,0.15228666,927,"{""type"":""MultiPoint"",""coordinates"":[]}"
928_0,-0.155934,928,"{""type"":""MultiPoint"",""coordinates"":[]}"
929_0,-0.14233798,929,"{""type"":""MultiPoint"",""coordinates"":[]}"
930_0,-0.26152623,930,"{""type"":""MultiPoint"",""coordinates"":[]}"
931_0,-0.34864643,931,"{""type"":""MultiPoint"",""coordinates"":[]}"
932_0,0.006238134,932,"{""type"":""MultiPoint"",""coordinates"":[]}"
933_0,0.04894027,933,"{""type"":""MultiPoint"",""coordinates"":[]}"
934_0,-0.14407684,934,"{""type"":""MultiPoint"",""coordinates"":[]}"
935_0,-0.062884666,935,"{""type"":""MultiPoint"",""coordinates"":[]}"
936_0,-0.010424612,936,"{""type"":""MultiPoint"",""coordinates"":[]}"
937_0,-0.26849777,937,"{""type"":""MultiPoint"",""coordinates"":[]}"
938_0,-0.19636618,938,"{""type"":""MultiPoint"",""coordinates"":[]}"
939_0,-0.11653116,939,"{""type"":""MultiPoint"",""coordinates"":[]}"
940_0,-0.25175983,940,"{""type"":""MultiPoint"",""coordinates"":[]}"
941_0,0.0536,941,"{""type"":""MultiPoint"",""coordinates"":[]}"
942_0,-0.12788907,942,"{""type"":""MultiPoint"",""coordinates"":[]}"
943_0,-0.14165439,943,"{""type"":""MultiPoint"",""coordinates"":[]}"
944_0,-0.02153846,944,"{""type"":""MultiPoint"",""coordinates"":[]}"
946_0,-0.18573909,946,"{""type"":""MultiPoint"",""coordinates"":[]}"
947_0,-0.13945882,947,"{""type"":""MultiPoint"",""coordinates"":[]}"
948_0,-0.16459697,948,"{""type"":""MultiPoint"",""coordinates"":[]}"
949_0,-0.04458001,949,"{""type"":""MultiPoint"",""coordinates"":[]}"
950_0,-0.15313463,950,"{""type"":""MultiPoint"",""coordinates"":[]}"
951_0,-0.06137184,951,"{""type"":""MultiPoint"",""coordinates"":[]}"
952_0,-0.1684187,952,"{""type"":""MultiPoint"",""coordinates"":[]}"
953_0,-0.34509987,953,"{""type"":""MultiPoint"",""coordinates"":[]}"
954_0,-0.023186238,954,"{""type"":""MultiPoint"",""coordinates"":[]}"
955_0,-0.17397198,955,"{""type"":""MultiPoint"",""coordinates"":[]}"
956_0,-0.17760618,956,"{""type"":""MultiPoint"",""coordinates"":[]}"
957_0,-0.051832575,957,"{""type"":""MultiPoint"",""coordinates"":[]}"
958_0,-0.31668907,958,"{""type"":""MultiPoint"",""coordinates"":[]}"
960_0,-0.1752801,960,"{""type"":""MultiPoint"",""coordinates"":[]}"
961_0,-0.27280164,961,"{""type"":""MultiPoint"",""coordinates"":[]}"
962_0,-0.13827805,962,"{""type"":""MultiPoint"",""coordinates"":[]}"
963_0,0.01174628,963,"{""type"":""MultiPoint"",""coordinates"":[]}"
964_0,-0.13865359,964,"{""type"":""MultiPoint"",""coordinates"":[]}"
965_0,0.06492199,965,"{""type"":""MultiPoint"",""coordinates"":[]}"
966_0,-0.27319258,966,"{""type"":""MultiPoint"",""coordinates"":[]}"
967_0,0.12551792,967,"{""type"":""MultiPoint"",""coordinates"":[]}"
968_0,-0.043809526,968,"{""type"":""MultiPoint"",""coordinates"":[]}"
969_0,0.11847901,969,"{""type"":""MultiPoint"",""coordinates"":[]}"
970_0,0.13820766,970,"{""type"":""MultiPoint"",""coordinates"":[]}"
971_0,0.06502816,971,"{""type"":""MultiPoint"",""coordinates"":[]}"
972_0,0.14330357,972,"{""type"":""MultiPoint"",""coordinates"":[]}"
973_0,0.029985445,973,"{""type"":""MultiPoint"",""coordinates"":[]}"
974_0,-0.13901345,974,"{""type"":""MultiPoint"",""coordinates"":[]}"
975_0,-0.14092277,975,"{""type"":""MultiPoint"",""coordinates"":[]}"
976_0,-0.1987891,976,"{""type"":""MultiPoint"",""coordinates"":[]}"
977_0,-0.23819517,977,"{""type"":""MultiPoint"",""coordinates"":[]}"
978_0,-0.1212938,978,"{""type"":""MultiPoint"",""coordinates"":[]}"
979_0,-0.107967235,979,"{""type"":""MultiPoint"",""coordinates"":[]}"
980_0,-0.05790693,980,"{""type"":""MultiPoint"",""coordinates"":[]}"
981_0,-0.18608503,981,"{""type"":""MultiPoint"",""coordinates"":[]}"
982_0,0.1535367,982,"{""type"":""MultiPoint"",""coordinates"":[]}"
984_0,-0.15055762,984,"{""type"":""MultiPoint"",""coordinates"":[]}"
987_0,-0.030372493,987,"{""type"":""MultiPoint"",""coordinates"":[]}"
988_0,-0.1898527,988,"{""type"":""MultiPoint"",""coordinates"":[]}"
989_0,-0.17209302,989,"{""type"":""MultiPoint"",""coordinates"":[]}"
990_0,-0.19794548,990,"{""type"":""MultiPoint"",""coordinates"":[]}"
991_0,-0.015859408,991,"{""type"":""MultiPoint"",""coordinates"":[]}"
992_0,0.05988798,992,"{""type"":""MultiPoint"",""coordinates"":[]}"
993_0,-0.2831068,993,"{""type"":""MultiPoint"",""coordinates"":[]}"
994_0,-0.2685586,994,"{""type"":""MultiPoint"",""coordinates"":[]}"
995_0,-0.44924623,995,"{""type"":""MultiPoint"",""coordinates"":[]}"
996_0,-0.20927152,996,"{""type"":""MultiPoint"",""coordinates"":[]}"
997_0,-0.44610888,997,"{""type"":""MultiPoint"",""coordinates"":[]}"
998_0,-0.08616826,998,"{""type"":""MultiPoint"",""coordinates"":[]}"
1000_0,-0.16209868,1000,"{""type"":""MultiPoint"",""coordinates"":[]}"
1001_0,-0.209321,1001,"{""type"":""MultiPoint"",""coordinates"":[]}"
1002_0,-0.17212626,1002,"{""type"":""MultiPoint"",""coordinates"":[]}"
1004_0,-0.22120085,1004,"{""type"":""MultiPoint"",""coordinates"":[]}"
1005_0,0.16185431,1005,"{""type"":""MultiPoint"",""coordinates"":[]}"
1006_0,-0.15821931,1006,"{""type"":""MultiPoint"",""coordinates"":[]}"
1007_0,-0.04006541,1007,"{""type"":""MultiPoint"",""coordinates"":[]}"
1008_0,0.09196858,1008,"{""type"":""MultiPoint"",""coordinates"":[]}"
1009_0,0.067418076,1009,"{""type"":""MultiPoint"",""coordinates"":[]}"
1010_0,0.17976363,1010,"{""type"":""MultiPoint"",""coordinates"":[]}"
1011_0,0.08300781,1011,"{""type"":""MultiPoint"",""coordinates"":[]}"
1012_0,-0.20248993,1012,"{""type"":""MultiPoint"",""coordinates"":[]}"
1013_0,-0.13998564,1013,"{""type"":""MultiPoint"",""coordinates"":[]}"
1014_0,0.0050343247,1014,"{""type"":""MultiPoint"",""coordinates"":[]}"
1015_0,0.112375535,1015,"{""type"":""MultiPoint"",""coordinates"":[]}"
1016_0,-0.112237506,1016,"{""type"":""MultiPoint"",""coordinates"":[]}"
1017_0,-0.25504258,1017,"{""type"":""MultiPoint"",""coordinates"":[]}"
1018_0,-0.11067194,1018,"{""type"":""MultiPoint"",""coordinates"":[]}"
1019_0,0.1451505,1019,"{""type"":""MultiPoint"",""coordinates"":[]}"
1020_0,-0.15204678,1020,"{""type"":""MultiPoint"",""coordinates"":[]}"
1021_0,-0.32291016,1021,"{""type"":""MultiPoint"",""coordinates"":[]}"
1024_0,-0.011001965,1024,"{""type"":""MultiPoint"",""coordinates"":[]}"
1025_0,-0.09398099,1025,"{""type"":""MultiPoint"",""coordinates"":[]}"
1026_0,-0.116611384,1026,"{""type"":""MultiPoint"",""coordinates"":[]}"
1027_0,0.018190408,1027,"{""type"":""MultiPoint"",""coordinates"":[]}"
1028_0,-0.054505493,1028,"{""type"":""MultiPoint"",""coordinates"":[]}"
1029_0,-0.22734281,1029,"{""type"":""MultiPoint"",""coordinates"":[]}"
1030_0,-0.08725932,1030,"{""type"":""MultiPoint"",""coordinates"":[]}"
1031_0,-0.19802956,1031,"{""type"":""MultiPoint"",""coordinates"":[]}"
1032_0,-0.20319895,1032,"{""type"":""MultiPoint"",""coordinates"":[]}"
1033_0,-0.029758338,1033,"{""type"":""MultiPoint"",""coordinates"":[]}"
1036_0,-0.21828455,1036,"{""type"":""MultiPoint"",""coordinates"":[]}"
1037_0,-0.21699372,1037,"{""type"":""MultiPoint"",""coordinates"":[]}"
1038_0,-0.26603737,1038,"{""type"":""MultiPoint"",""coordinates"":[]}"
1040_0,-0.30890924,1040,"{""type"":""MultiPoint"",""coordinates"":[]}"
1041_0,-0.26940268,1041,"{""type"":""MultiPoint"",""coordinates"":[]}"
1042_0,0.1635054,1042,"{""type"":""MultiPoint"",""coordinates"":[]}"
1045_0,0.07620601,1045,"{""type"":""MultiPoint"",""coordinates"":[]}"
1046_0,0.05595606,1046,"{""type"":""MultiPoint"",""coordinates"":[]}"
1047_0,0.056566652,1047,"{""type"":""MultiPoint"",""coordinates"":[]}"
1048_0,-0.01775148,1048,"{""type"":""MultiPoint"",""coordinates"":[]}"
1049_0,-0.060657118,1049,"{""type"":""MultiPoint"",""coordinates"":[]}"
1050_0,0.11915888,1050,"{""type"":""MultiPoint"",""coordinates"":[]}"
1051_0,-0.020664869,1051,"{""type"":""MultiPoint"",""coordinates"":[]}"
1052_0,-0.0069000768,1052,"{""type"":""MultiPoint"",""coordinates"":[]}"
1053_0,0.037621085,1053,"{""type"":""MultiPoint"",""coordinates"":[]}"
1054_0,-0.013213886,1054,"{""type"":""MultiPoint"",""coordinates"":[]}"
1055_0,-0.22908932,1055,"{""type"":""MultiPoint"",""coordinates"":[]}"
1056_0,0.037350994,1056,"{""type"":""MultiPoint"",""coordinates"":[]}"
1057_0,0.027179006,1057,"{""type"":""MultiPoint"",""coordinates"":[]}"
1058_0,-0.07823613,1058,"{""type"":""MultiPoint"",""coordinates"":[]}"
1059_0,0.06165299,1059,"{""type"":""MultiPoint"",""coordinates"":[]}"
1060_0,-0.16977225,1060,"{""type"":""MultiPoint"",""coordinates"":[]}"
1061_0,-0.11415525,1061,"{""type"":""MultiPoint"",""coordinates"":[]}"
1062_0,-0.07419712,1062,"{""type"":""MultiPoint"",""coordinates"":[]}"
1064_0,-0.085476026,1064,"{""type"":""MultiPoint"",""coordinates"":[]}"
1065_0,0.009906365,1065,"{""type"":""MultiPoint"",""coordinates"":[]}"
1066_0,-0.0459069,1066,"{""type"":""MultiPoint"",""coordinates"":[]}"
1067_0,-0.2821088,1067,"{""type"":""MultiPoint"",""coordinates"":[]}"
1068_0,-0.024363536,1068,"{""type"":""MultiPoint"",""coordinates"":[]}"
1069_0,-0.06635838,1069,"{""type"":""MultiPoint"",""coordinates"":[]}"
1070_0,-0.15748924,1070,"{""type"":""MultiPoint"",""coordinates"":[]}"
1071_0,-0.17406143,1071,"{""type"":""MultiPoint"",""coordinates"":[]}"
1072_0,-0.043900073,1072,"{""type"":""MultiPoint"",""coordinates"":[]}"
1073_0,-0.14672978,1073,"{""type"":""MultiPoint"",""coordinates"":[]}"
1074_0,-0.12850468,1074,"{""type"":""MultiPoint"",""coordinates"":[]}"
1075_0,-0.10866777,1075,"{""type"":""MultiPoint"",""coordinates"":[]}"
1076_0,-0.14238833,1076,"{""type"":""MultiPoint"",""coordinates"":[]}"
1077_0,-0.24906191,1077,"{""type"":""MultiPoint"",""coordinates"":[]}"
1078_0,-0.10211067,1078,"{""type"":""MultiPoint"",""coordinates"":[]}"
1080_0,-0.019905213,1080,"{""type"":""MultiPoint"",""coordinates"":[]}"
1081_0,-0.13948919,1081,"{""type"":""MultiPoint"",""coordinates"":[]}"
1082_0,-0.17455357,1082,"{""type"":""MultiPoint"",""coordinates"":[]}"
1083_0,-0.12232678,1083,"{""type"":""MultiPoint"",""coordinates"":[]}"
1084_0,-0.027535891,1084,"{""type"":""MultiPoint"",""coordinates"":[]}"
1086_0,-0.037158024,1086,"{""type"":""MultiPoint"",""coordinates"":[]}"
1087_0,-6.4724917E-4,1087,"{""type"":""MultiPoint"",""coordinates"":[]}"
1088_0,7.001167E-4,1088,"{""type"":""MultiPoint"",""coordinates"":[]}"
1089_0,-0.14809,1089,"{""type"":""MultiPoint"",""coordinates"":[]}"
1090_0,0.15162791,1090,"{""type"":""MultiPoint"",""coordinates"":[]}"
1091_0,0.0024793388,1091,"{""type"":""MultiPoint"",""coordinates"":[]}"
1092_0,-0.18755555,1092,"{""type"":""MultiPoint"",""coordinates"":[]}"
1093_0,-0.11540149,1093,"{""type"":""MultiPoint"",""coordinates"":[]}"
1094_0,0.11471383,1094,"{""type"":""MultiPoint"",""coordinates"":[]}"
1095_0,-0.19296703,1095,"{""type"":""MultiPoint"",""coordinates"":[]}"
1096_0,0.00513031,1096,"{""type"":""MultiPoint"",""coordinates"":[]}"
1097_0,-0.020851819,1097,"{""type"":""MultiPoint"",""coordinates"":[]}"
1098_0,-0.23709852,1098,"{""type"":""MultiPoint"",""coordinates"":[]}"
1099_0,0.015470051,1099,"{""type"":""MultiPoint"",""coordinates"":[]}"
1100_0,-0.1325811,1100,"{""type"":""MultiPoint"",""coordinates"":[]}"
1101_0,-0.028220173,1101,"{""type"":""MultiPoint"",""coordinates"":[]}"
1102_0,0.053323593,1102,"{""type"":""MultiPoint"",""coordinates"":[]}"
1103_0,-0.18801522,1103,"{""type"":""MultiPoint"",""coordinates"":[]}"
1104_0,-0.03388642,1104,"{""type"":""MultiPoint"",""coordinates"":[]}"
1107_0,0.010153158,1107,"{""type"":""MultiPoint"",""coordinates"":[]}"
1108_0,-0.056247894,1108,"{""type"":""MultiPoint"",""coordinates"":[]}"
1109_0,-0.063969895,1109,"{""type"":""MultiPoint"",""coordinates"":[]}"
1110_0,-0.065989845,1110,"{""type"":""MultiPoint"",""coordinates"":[]}"
1111_0,-0.048133153,1111,"{""type"":""MultiPoint"",""coordinates"":[]}"
1112_0,0.11381654,1112,"{""type"":""MultiPoint"",""coordinates"":[]}"
1113_0,-9.7276265E-4,1113,"{""type"":""MultiPoint"",""coordinates"":[]}"
1114_0,-0.21091048,1114,"{""type"":""MultiPoint"",""coordinates"":[]}"
1115_0,-0.10195758,1115,"{""type"":""MultiPoint"",""coordinates"":[]}"
1116_0,-0.16521738,1116,"{""type"":""MultiPoint"",""coordinates"":[]}"
1117_0,0.21936148,1117,"{""type"":""MultiPoint"",""coordinates"":[]}"
1118_0,-0.15406461,1118,"{""type"":""MultiPoint"",""coordinates"":[]}"
1120_0,-0.17626296,1120,"{""type"":""MultiPoint"",""coordinates"":[]}"
1121_0,-0.090952955,1121,"{""type"":""MultiPoint"",""coordinates"":[]}"
1122_0,-0.08767245,1122,"{""type"":""MultiPoint"",""coordinates"":[]}"
1123_0,-0.10747664,1123,"{""type"":""MultiPoint"",""coordinates"":[]}"
1124_0,-0.28779304,1124,"{""type"":""MultiPoint"",""coordinates"":[]}"
1125_0,0.03634827,1125,"{""type"":""MultiPoint"",""coordinates"":[]}"
1126_0,-0.19580682,1126,"{""type"":""MultiPoint"",""coordinates"":[]}"
1127_0,-0.19571608,1127,"{""type"":""MultiPoint"",""coordinates"":[]}"
1128_0,0.06800256,1128,"{""type"":""MultiPoint"",""coordinates"":[]}"
1129_0,-0.056335162,1129,"{""type"":""MultiPoint"",""coordinates"":[]}"
1130_0,-0.10302535,1130,"{""type"":""MultiPoint"",""coordinates"":[]}"
1131_0,-0.08484006,1131,"{""type"":""MultiPoint"",""coordinates"":[]}"
1132_0,0.042259008,1132,"{""type"":""MultiPoint"",""coordinates"":[]}"
1133_0,0.10250141,1133,"{""type"":""MultiPoint"",""coordinates"":[]}"
1134_0,-0.12,1134,"{""type"":""MultiPoint"",""coordinates"":[]}"
1135_0,-0.009323547,1135,"{""type"":""MultiPoint"",""coordinates"":[]}"
1136_0,-0.077992275,1136,"{""type"":""MultiPoint"",""coordinates"":[]}"
1137_0,-0.06592466,1137,"{""type"":""MultiPoint"",""coordinates"":[]}"
1138_0,-0.15008625,1138,"{""type"":""MultiPoint"",""coordinates"":[]}"
1139_0,0.014111007,1139,"{""type"":""MultiPoint"",""coordinates"":[]}"
1140_0,-0.053617023,1140,"{""type"":""MultiPoint"",""coordinates"":[]}"
1141_0,-0.07124117,1141,"{""type"":""MultiPoint"",""coordinates"":[]}"
1142_0,-0.047343582,1142,"{""type"":""MultiPoint"",""coordinates"":[]}"
1143_0,-0.062028985,1143,"{""type"":""MultiPoint"",""coordinates"":[]}"
1144_0,-0.19696292,1144,"{""type"":""MultiPoint"",""coordinates"":[]}"
1145_0,-0.089050524,1145,"{""type"":""MultiPoint"",""coordinates"":[]}"
1147_0,0.034621175,1147,"{""type"":""MultiPoint"",""coordinates"":[]}"
1148_0,-0.046766978,1148,"{""type"":""MultiPoint"",""coordinates"":[]}"
1149_0,-0.15597783,1149,"{""type"":""MultiPoint"",""coordinates"":[]}"
1150_0,-0.19176883,1150,"{""type"":""MultiPoint"",""coordinates"":[]}"
1151_0,-0.16555068,1151,"{""type"":""MultiPoint"",""coordinates"":[]}"
1152_0,-0.07798165,1152,"{""type"":""MultiPoint"",""coordinates"":[]}"
1153_0,-0.11901625,1153,"{""type"":""MultiPoint"",""coordinates"":[]}"
1154_0,-0.23474015,1154,"{""type"":""MultiPoint"",""coordinates"":[]}"
1155_0,-0.16274971,1155,"{""type"":""MultiPoint"",""coordinates"":[]}"
1156_0,-0.19201705,1156,"{""type"":""MultiPoint"",""coordinates"":[]}"
1157_0,-0.12571429,1157,"{""type"":""MultiPoint"",""coordinates"":[]}"
1158_0,-0.21796326,1158,"{""type"":""MultiPoint"",""coordinates"":[]}"
1160_0,-0.0816,1160,"{""type"":""MultiPoint"",""coordinates"":[]}"
1161_0,0.06698461,1161,"{""type"":""MultiPoint"",""coordinates"":[]}"
1162_0,-0.18079096,1162,"{""type"":""MultiPoint"",""coordinates"":[]}"
1163_0,-0.21343446,1163,"{""type"":""MultiPoint"",""coordinates"":[]}"
1164_0,-0.13585952,1164,"{""type"":""MultiPoint"",""coordinates"":[]}"
1165_0,-0.16500995,1165,"{""type"":""MultiPoint"",""coordinates"":[]}"
1166_0,-0.16257267,1166,"{""type"":""MultiPoint"",""coordinates"":[]}"
1167_0,0.027617602,1167,"{""type"":""MultiPoint"",""coordinates"":[]}"
1168_0,0.09720886,1168,"{""type"":""MultiPoint"",""coordinates"":[]}"
1169_0,-0.1507081,1169,"{""type"":""MultiPoint"",""coordinates"":[]}"
1170_0,0.0060975607,1170,"{""type"":""MultiPoint"",""coordinates"":[]}"
1171_0,-0.029396595,1171,"{""type"":""MultiPoint"",""coordinates"":[]}"
1172_0,-0.0929913,1172,"{""type"":""MultiPoint"",""coordinates"":[]}"
1173_0,-0.034913294,1173,"{""type"":""MultiPoint"",""coordinates"":[]}"
1174_0,-0.05622297,1174,"{""type"":""MultiPoint"",""coordinates"":[]}"
1175_0,-0.09538718,1175,"{""type"":""MultiPoint"",""coordinates"":[]}"
1176_0,-0.05767442,1176,"{""type"":""MultiPoint"",""coordinates"":[]}"
1177_0,-0.036538463,1177,"{""type"":""MultiPoint"",""coordinates"":[]}"
1178_0,0.040713888,1178,"{""type"":""MultiPoint"",""coordinates"":[]}"
1179_0,-0.09263873,1179,"{""type"":""MultiPoint"",""coordinates"":[]}"
1180_0,0.026369167,1180,"{""type"":""MultiPoint"",""coordinates"":[]}"
1181_0,-0.094915256,1181,"{""type"":""MultiPoint"",""coordinates"":[]}"
1182_0,-0.06736587,1182,"{""type"":""MultiPoint"",""coordinates"":[]}"
1184_0,0.022774328,1184,"{""type"":""MultiPoint"",""coordinates"":[]}"
1185_0,-0.13307105,1185,"{""type"":""MultiPoint"",""coordinates"":[]}"
1186_0,-0.0011488594,1186,"{""type"":""MultiPoint"",""coordinates"":[]}"
1187_0,-0.3058359,1187,"{""type"":""MultiPoint"",""coordinates"":[]}"
1188_0,-0.26294333,1188,"{""type"":""MultiPoint"",""coordinates"":[]}"
1189_0,-0.10143666,1189,"{""type"":""MultiPoint"",""coordinates"":[]}"
1190_0,-0.12739794,1190,"{""type"":""MultiPoint"",""coordinates"":[]}"
1191_0,-0.10266774,1191,"{""type"":""MultiPoint"",""coordinates"":[]}"
1192_0,-0.105522916,1192,"{""type"":""MultiPoint"",""coordinates"":[]}"
1193_0,-0.074568115,1193,"{""type"":""MultiPoint"",""coordinates"":[]}"
1194_0,-0.19015191,1194,"{""type"":""MultiPoint"",""coordinates"":[]}"
1195_0,-0.28929606,1195,"{""type"":""MultiPoint"",""coordinates"":[]}"
1196_0,-0.05040489,1196,"{""type"":""MultiPoint"",""coordinates"":[]}"
1197_0,0.010041347,1197,"{""type"":""MultiPoint"",""coordinates"":[]}"
1198_0,-0.10160193,1198,"{""type"":""MultiPoint"",""coordinates"":[]}"
1200_0,-0.14070588,1200,"{""type"":""MultiPoint"",""coordinates"":[]}"
1201_0,-0.071428575,1201,"{""type"":""MultiPoint"",""coordinates"":[]}"
1202_0,-0.20612061,1202,"{""type"":""MultiPoint"",""coordinates"":[]}"
1203_0,0.09095906,1203,"{""type"":""MultiPoint"",""coordinates"":[]}"
1204_0,-0.11484707,1204,"{""type"":""MultiPoint"",""coordinates"":[]}"
1205_0,-0.1702454,1205,"{""type"":""MultiPoint"",""coordinates"":[]}"
1206_0,-0.06568073,1206,"{""type"":""MultiPoint"",""coordinates"":[]}"
1207_0,0.094017096,1207,"{""type"":""MultiPoint"",""coordinates"":[]}"
1210_0,-0.05943601,1210,"{""type"":""MultiPoint"",""coordinates"":[]}"
1211_0,-0.17441279,1211,"{""type"":""MultiPoint"",""coordinates"":[]}"
1212_0,-0.054361567,1212,"{""type"":""MultiPoint"",""coordinates"":[]}"
1213_0,-0.14415388,1213,"{""type"":""MultiPoint"",""coordinates"":[]}"
1214_0,-0.12737127,1214,"{""type"":""MultiPoint"",""coordinates"":[]}"
1215_0,-0.23693557,1215,"{""type"":""MultiPoint"",""coordinates"":[]}"
1216_0,-0.115410276,1216,"{""type"":""MultiPoint"",""coordinates"":[]}"
1217_0,0.007782101,1217,"{""type"":""MultiPoint"",""coordinates"":[]}"
1218_0,0.07909363,1218,"{""type"":""MultiPoint"",""coordinates"":[]}"
1219_0,-0.21712182,1219,"{""type"":""MultiPoint"",""coordinates"":[]}"
1220_0,-0.017105516,1220,"{""type"":""MultiPoint"",""coordinates"":[]}"
1221_0,-0.017731683,1221,"{""type"":""MultiPoint"",""coordinates"":[]}"
1222_0,-0.16536345,1222,"{""type"":""MultiPoint"",""coordinates"":[]}"
1223_0,-0.087099425,1223,"{""type"":""MultiPoint"",""coordinates"":[]}"
1224_0,-0.1551396,1224,"{""type"":""MultiPoint"",""coordinates"":[]}"
1225_0,-0.04297128,1225,"{""type"":""MultiPoint"",""coordinates"":[]}"
1226_0,-0.009389067,1226,"{""type"":""MultiPoint"",""coordinates"":[]}"
1227_0,-0.24392042,1227,"{""type"":""MultiPoint"",""coordinates"":[]}"
1228_0,0.012914662,1228,"{""type"":""MultiPoint"",""coordinates"":[]}"
1229_0,-0.05263158,1229,"{""type"":""MultiPoint"",""coordinates"":[]}"
1230_0,-0.0069595478,1230,"{""type"":""MultiPoint"",""coordinates"":[]}"
1231_0,0.018626928,1231,"{""type"":""MultiPoint"",""coordinates"":[]}"
1232_0,0.028172405,1232,"{""type"":""MultiPoint"",""coordinates"":[]}"
1233_0,-0.09488413,1233,"{""type"":""MultiPoint"",""coordinates"":[]}"
1234_0,-0.0800925,1234,"{""type"":""MultiPoint"",""coordinates"":[]}"
1235_0,-0.020864831,1235,"{""type"":""MultiPoint"",""coordinates"":[]}"
1236_0,-0.08458865,1236,"{""type"":""MultiPoint"",""coordinates"":[]}"
1237_0,-0.1746613,1237,"{""type"":""MultiPoint"",""coordinates"":[]}"
1238_0,-0.08298241,1238,"{""type"":""MultiPoint"",""coordinates"":[]}"
1240_0,-0.060016442,1240,"{""type"":""MultiPoint"",""coordinates"":[]}"
1241_0,0.094257854,1241,"{""type"":""MultiPoint"",""coordinates"":[]}"
1242_0,-0.027505381,1242,"{""type"":""MultiPoint"",""coordinates"":[]}"
1243_0,-0.32485875,1243,"{""type"":""MultiPoint"",""coordinates"":[]}"
1244_0,-0.18576305,1244,"{""type"":""MultiPoint"",""coordinates"":[]}"
1251_0,-0.12010796,1251,"{""type"":""MultiPoint"",""coordinates"":[]}"
1252_0,-0.08406027,1252,"{""type"":""MultiPoint"",""coordinates"":[]}"
1253_0,-0.05074091,1253,"{""type"":""MultiPoint"",""coordinates"":[]}"
1254_0,-0.08689655,1254,"{""type"":""MultiPoint"",""coordinates"":[]}"
1255_0,-0.12685338,1255,"{""type"":""MultiPoint"",""coordinates"":[]}"
1256_0,-0.22714126,1256,"{""type"":""MultiPoint"",""coordinates"":[]}"
1257_0,-0.16945454,1257,"{""type"":""MultiPoint"",""coordinates"":[]}"
1258_0,-0.26546392,1258,"{""type"":""MultiPoint"",""coordinates"":[]}"
1259_0,-0.12368598,1259,"{""type"":""MultiPoint"",""coordinates"":[]}"
1260_0,-0.2590393,1260,"{""type"":""MultiPoint"",""coordinates"":[]}"
1261_0,-0.018294027,1261,"{""type"":""MultiPoint"",""coordinates"":[]}"
1262_0,-0.06044905,1262,"{""type"":""MultiPoint"",""coordinates"":[]}"
1263_0,-0.20063192,1263,"{""type"":""MultiPoint"",""coordinates"":[]}"
1264_0,0.15044248,1264,"{""type"":""MultiPoint"",""coordinates"":[]}"
1266_0,-0.09645112,1266,"{""type"":""MultiPoint"",""coordinates"":[]}"
1267_0,-0.14531384,1267,"{""type"":""MultiPoint"",""coordinates"":[]}"
1268_0,-0.06185567,1268,"{""type"":""MultiPoint"",""coordinates"":[]}"
1269_0,-0.11410747,1269,"{""type"":""MultiPoint"",""coordinates"":[]}"
1270_0,-0.1660751,1270,"{""type"":""MultiPoint"",""coordinates"":[]}"
1271_0,-0.24076147,1271,"{""type"":""MultiPoint"",""coordinates"":[]}"
1272_0,-0.056929722,1272,"{""type"":""MultiPoint"",""coordinates"":[]}"
1273_0,-0.033302497,1273,"{""type"":""MultiPoint"",""coordinates"":[]}"
1274_0,-0.025195483,1274,"{""type"":""MultiPoint"",""coordinates"":[]}"
1275_0,-0.124862365,1275,"{""type"":""MultiPoint"",""coordinates"":[]}"
1276_0,-0.053567458,1276,"{""type"":""MultiPoint"",""coordinates"":[]}"
1277_0,0.07815126,1277,"{""type"":""MultiPoint"",""coordinates"":[]}"
1278_0,-0.2032885,1278,"{""type"":""MultiPoint"",""coordinates"":[]}"
1280_0,-0.11924191,1280,"{""type"":""MultiPoint"",""coordinates"":[]}"
1281_0,-0.07686259,1281,"{""type"":""MultiPoint"",""coordinates"":[]}"
1282_0,-0.07390883,1282,"{""type"":""MultiPoint"",""coordinates"":[]}"
1283_0,0.022364218,1283,"{""type"":""MultiPoint"",""coordinates"":[]}"
1284_0,0.13456272,1284,"{""type"":""MultiPoint"",""coordinates"":[]}"
1291_0,0.11677852,1291,"{""type"":""MultiPoint"",""coordinates"":[]}"
1292_0,-0.16932489,1292,"{""type"":""MultiPoint"",""coordinates"":[]}"
1293_0,-0.06583072,1293,"{""type"":""MultiPoint"",""coordinates"":[]}"
1294_0,-0.27444214,1294,"{""type"":""MultiPoint"",""coordinates"":[]}"
1295_0,-0.001959138,1295,"{""type"":""MultiPoint"",""coordinates"":[]}"
1296_0,0.0023603463,1296,"{""type"":""MultiPoint"",""coordinates"":[]}"
1297_0,-0.1549605,1297,"{""type"":""MultiPoint"",""coordinates"":[]}"
1298_0,-0.1474865,1298,"{""type"":""MultiPoint"",""coordinates"":[]}"
1299_0,-0.0015833522,1299,"{""type"":""MultiPoint"",""coordinates"":[]}"
1300_0,-0.25964913,1300,"{""type"":""MultiPoint"",""coordinates"":[]}"
1301_0,-0.18613139,1301,"{""type"":""MultiPoint"",""coordinates"":[]}"
1302_0,-0.18777643,1302,"{""type"":""MultiPoint"",""coordinates"":[]}"
1303_0,-0.106552705,1303,"{""type"":""MultiPoint"",""coordinates"":[]}"
1304_0,0.03390476,1304,"{""type"":""MultiPoint"",""coordinates"":[]}"
1305_0,-0.08707124,1305,"{""type"":""MultiPoint"",""coordinates"":[]}"
1307_0,-0.11827957,1307,"{""type"":""MultiPoint"",""coordinates"":[]}"
1308_0,-0.1836651,1308,"{""type"":""MultiPoint"",""coordinates"":[]}"
1309_0,0.069043435,1309,"{""type"":""MultiPoint"",""coordinates"":[]}"
1310_0,-0.12336134,1310,"{""type"":""MultiPoint"",""coordinates"":[]}"
1311_0,-0.051053863,1311,"{""type"":""MultiPoint"",""coordinates"":[]}"
1312_0,-0.10004294,1312,"{""type"":""MultiPoint"",""coordinates"":[]}"
1313_0,-0.13164966,1313,"{""type"":""MultiPoint"",""coordinates"":[]}"
1314_0,-0.094311744,1314,"{""type"":""MultiPoint"",""coordinates"":[]}"
1315_0,-0.08678923,1315,"{""type"":""MultiPoint"",""coordinates"":[]}"
1316_0,0.04952035,1316,"{""type"":""MultiPoint"",""coordinates"":[]}"
1317_0,-0.053642247,1317,"{""type"":""MultiPoint"",""coordinates"":[]}"
1318_0,-0.19290563,1318,"{""type"":""MultiPoint"",""coordinates"":[]}"
1320_0,-0.08876736,1320,"{""type"":""MultiPoint"",""coordinates"":[]}"
1321_0,-0.026852846,1321,"{""type"":""MultiPoint"",""coordinates"":[]}"
1322_0,-0.24312387,1322,"{""type"":""MultiPoint"",""coordinates"":[]}"
1323_0,-0.27122405,1323,"{""type"":""MultiPoint"",""coordinates"":[]}"
1331_0,-0.21296978,1331,"{""type"":""MultiPoint"",""coordinates"":[]}"
1332_0,-0.23095873,1332,"{""type"":""MultiPoint"",""coordinates"":[]}"
1333_0,-0.24037638,1333,"{""type"":""MultiPoint"",""coordinates"":[]}"
1334_0,-0.23318778,1334,"{""type"":""MultiPoint"",""coordinates"":[]}"
1335_0,-0.16462463,1335,"{""type"":""MultiPoint"",""coordinates"":[]}"
1336_0,-0.08321839,1336,"{""type"":""MultiPoint"",""coordinates"":[]}"
1337_0,-0.25097796,1337,"{""type"":""MultiPoint"",""coordinates"":[]}"
1338_0,-0.17036042,1338,"{""type"":""MultiPoint"",""coordinates"":[]}"
1339_0,-0.23969962,1339,"{""type"":""MultiPoint"",""coordinates"":[]}"
1340_0,-0.079422385,1340,"{""type"":""MultiPoint"",""coordinates"":[]}"
1341_0,-0.122502826,1341,"{""type"":""MultiPoint"",""coordinates"":[]}"
1342_0,-0.023057217,1342,"{""type"":""MultiPoint"",""coordinates"":[]}"
1343_0,-0.041620627,1343,"{""type"":""MultiPoint"",""coordinates"":[]}"
1344_0,-0.18423307,1344,"{""type"":""MultiPoint"",""coordinates"":[]}"
1345_0,-0.09580263,1345,"{""type"":""MultiPoint"",""coordinates"":[]}"
1346_0,0.0037527762,1346,"{""type"":""MultiPoint"",""coordinates"":[]}"
1347_0,-0.1141472,1347,"{""type"":""MultiPoint"",""coordinates"":[]}"
1348_0,-0.14268142,1348,"{""type"":""MultiPoint"",""coordinates"":[]}"
1349_0,0.043114826,1349,"{""type"":""MultiPoint"",""coordinates"":[]}"
1350_0,0.0201871,1350,"{""type"":""MultiPoint"",""coordinates"":[]}"
1351_0,-0.19626169,1351,"{""type"":""MultiPoint"",""coordinates"":[]}"
1352_0,-0.101247095,1352,"{""type"":""MultiPoint"",""coordinates"":[]}"
1353_0,-0.15372197,1353,"{""type"":""MultiPoint"",""coordinates"":[]}"
1354_0,-0.113066435,1354,"{""type"":""MultiPoint"",""coordinates"":[]}"
1355_0,-0.050651956,1355,"{""type"":""MultiPoint"",""coordinates"":[]}"
1356_0,-0.049633145,1356,"{""type"":""MultiPoint"",""coordinates"":[]}"
1357_0,-0.21896593,1357,"{""type"":""MultiPoint"",""coordinates"":[]}"
1358_0,-0.17733563,1358,"{""type"":""MultiPoint"",""coordinates"":[]}"
1360_0,-0.046878915,1360,"{""type"":""MultiPoint"",""coordinates"":[]}"
1361_0,-0.30064127,1361,"{""type"":""MultiPoint"",""coordinates"":[]}"
1362_0,-0.04402822,1362,"{""type"":""MultiPoint"",""coordinates"":[]}"
1363_0,-0.018404908,1363,"{""type"":""MultiPoint"",""coordinates"":[]}"
1364_0,-0.029028572,1364,"{""type"":""MultiPoint"",""coordinates"":[]}"
1372_0,-0.13340102,1372,"{""type"":""MultiPoint"",""coordinates"":[]}"
1373_0,-0.25739586,1373,"{""type"":""MultiPoint"",""coordinates"":[]}"
1374_0,-0.08584808,1374,"{""type"":""MultiPoint"",""coordinates"":[]}"
1375_0,-0.08358455,1375,"{""type"":""MultiPoint"",""coordinates"":[]}"
1376_0,-0.22378379,1376,"{""type"":""MultiPoint"",""coordinates"":[]}"
1377_0,-0.03413217,1377,"{""type"":""MultiPoint"",""coordinates"":[]}"
1378_0,-0.18189807,1378,"{""type"":""MultiPoint"",""coordinates"":[]}"
1379_0,-0.1225838,1379,"{""type"":""MultiPoint"",""coordinates"":[]}"
1380_0,-0.18927701,1380,"{""type"":""MultiPoint"",""coordinates"":[]}"
1381_0,-0.28026757,1381,"{""type"":""MultiPoint"",""coordinates"":[]}"
1382_0,-0.04736948,1382,"{""type"":""MultiPoint"",""coordinates"":[]}"
1383_0,-0.033020362,1383,"{""type"":""MultiPoint"",""coordinates"":[]}"
1384_0,-0.05652174,1384,"{""type"":""MultiPoint"",""coordinates"":[]}"
1385_0,-0.1465995,1385,"{""type"":""MultiPoint"",""coordinates"":[]}"
1386_0,-0.062986344,1386,"{""type"":""MultiPoint"",""coordinates"":[]}"
1388_0,-0.08108108,1388,"{""type"":""MultiPoint"",""coordinates"":[]}"
1389_0,-0.13688213,1389,"{""type"":""MultiPoint"",""coordinates"":[]}"
1390_0,-0.021317365,1390,"{""type"":""MultiPoint"",""coordinates"":[]}"
1391_0,-0.22759715,1391,"{""type"":""MultiPoint"",""coordinates"":[]}"
1392_0,-0.14368232,1392,"{""type"":""MultiPoint"",""coordinates"":[]}"
1393_0,-0.11518325,1393,"{""type"":""MultiPoint"",""coordinates"":[]}"
1394_0,-0.23041183,1394,"{""type"":""MultiPoint"",""coordinates"":[]}"
1395_0,-0.1533688,1395,"{""type"":""MultiPoint"",""coordinates"":[]}"
1396_0,-0.10559824,1396,"{""type"":""MultiPoint"",""coordinates"":[]}"
1397_0,-0.104477614,1397,"{""type"":""MultiPoint"",""coordinates"":[]}"
1398_0,-0.06736842,1398,"{""type"":""MultiPoint"",""coordinates"":[]}"
1400_0,-0.31375054,1400,"{""type"":""MultiPoint"",""coordinates"":[]}"
1401_0,-0.14631873,1401,"{""type"":""MultiPoint"",""coordinates"":[]}"
1402_0,-0.1167363,1402,"{""type"":""MultiPoint"",""coordinates"":[]}"
1403_0,0.03142488,1403,"{""type"":""MultiPoint"",""coordinates"":[]}"
1412_0,-0.33802333,1412,"{""type"":""MultiPoint"",""coordinates"":[]}"
1413_0,-0.39006612,1413,"{""type"":""MultiPoint"",""coordinates"":[]}"
1414_0,-0.029659864,1414,"{""type"":""MultiPoint"",""coordinates"":[]}"
1415_0,-0.17082353,1415,"{""type"":""MultiPoint"",""coordinates"":[]}"
1416_0,-0.03526281,1416,"{""type"":""MultiPoint"",""coordinates"":[]}"
1417_0,-0.2900232,1417,"{""type"":""MultiPoint"",""coordinates"":[]}"
1418_0,-0.23651937,1418,"{""type"":""MultiPoint"",""coordinates"":[]}"
1419_0,-0.04173786,1419,"{""type"":""MultiPoint"",""coordinates"":[]}"
1420_0,-0.13954237,1420,"{""type"":""MultiPoint"",""coordinates"":[]}"
1421_0,-0.12313785,1421,"{""type"":""MultiPoint"",""coordinates"":[]}"
1422_0,-0.26485568,1422,"{""type"":""MultiPoint"",""coordinates"":[]}"
1423_0,-0.07619796,1423,"{""type"":""MultiPoint"",""coordinates"":[]}"
1424_0,-0.05192288,1424,"{""type"":""MultiPoint"",""coordinates"":[]}"
1425_0,-0.023213472,1425,"{""type"":""MultiPoint"",""coordinates"":[]}"
1426_0,-0.102919005,1426,"{""type"":""MultiPoint"",""coordinates"":[]}"
1427_0,-0.12378879,1427,"{""type"":""MultiPoint"",""coordinates"":[]}"
1429_0,-0.10127326,1429,"{""type"":""MultiPoint"",""coordinates"":[]}"
1430_0,0.07368421,1430,"{""type"":""MultiPoint"",""coordinates"":[]}"
1431_0,0.010660981,1431,"{""type"":""MultiPoint"",""coordinates"":[]}"
1432_0,-0.09249934,1432,"{""type"":""MultiPoint"",""coordinates"":[]}"
1433_0,-0.17624429,1433,"{""type"":""MultiPoint"",""coordinates"":[]}"
1434_0,-0.045393083,1434,"{""type"":""MultiPoint"",""coordinates"":[]}"
1435_0,-0.17931035,1435,"{""type"":""MultiPoint"",""coordinates"":[]}"
1436_0,-0.15257156,1436,"{""type"":""MultiPoint"",""coordinates"":[]}"
1437_0,-0.13101542,1437,"{""type"":""MultiPoint"",""coordinates"":[]}"
1438_0,0.012927757,1438,"{""type"":""MultiPoint"",""coordinates"":[]}"
1440_0,-0.07047807,1440,"{""type"":""MultiPoint"",""coordinates"":[]}"
1441_0,-0.21354167,1441,"{""type"":""MultiPoint"",""coordinates"":[]}"
1442_0,-0.25009754,1442,"{""type"":""MultiPoint"",""coordinates"":[]}"
1443_0,-0.2171957,1443,"{""type"":""MultiPoint"",""coordinates"":[]}"
1454_0,-0.118449084,1454,"{""type"":""MultiPoint"",""coordinates"":[]}"
1455_0,-0.19372179,1455,"{""type"":""MultiPoint"",""coordinates"":[]}"
1456_0,-0.10060269,1456,"{""type"":""MultiPoint"",""coordinates"":[]}"
1457_0,-0.22526817,1457,"{""type"":""MultiPoint"",""coordinates"":[]}"
1458_0,-0.11725259,1458,"{""type"":""MultiPoint"",""coordinates"":[]}"
1459_0,-0.0853202,1459,"{""type"":""MultiPoint"",""coordinates"":[]}"
1460_0,-0.085339166,1460,"{""type"":""MultiPoint"",""coordinates"":[]}"
1461_0,-0.015873017,1461,"{""type"":""MultiPoint"",""coordinates"":[]}"
1463_0,-0.1123961,1463,"{""type"":""MultiPoint"",""coordinates"":[]}"
1464_0,-0.18156268,1464,"{""type"":""MultiPoint"",""coordinates"":[]}"
1465_0,-0.124497995,1465,"{""type"":""MultiPoint"",""coordinates"":[]}"
1466_0,-0.16945691,1466,"{""type"":""MultiPoint"",""coordinates"":[]}"
1467_0,0.0061479756,1467,"{""type"":""MultiPoint"",""coordinates"":[]}"
1468_0,-0.06671931,1468,"{""type"":""MultiPoint"",""coordinates"":[]}"
1469_0,-0.012514221,1469,"{""type"":""MultiPoint"",""coordinates"":[]}"
1470_0,-0.010931636,1470,"{""type"":""MultiPoint"",""coordinates"":[]}"
1471_0,-0.041691367,1471,"{""type"":""MultiPoint"",""coordinates"":[]}"
1472_0,-0.075038284,1472,"{""type"":""MultiPoint"",""coordinates"":[]}"
1473_0,-0.12195122,1473,"{""type"":""MultiPoint"",""coordinates"":[]}"
1474_0,-0.1854944,1474,"{""type"":""MultiPoint"",""coordinates"":[]}"
1475_0,-0.26949048,1475,"{""type"":""MultiPoint"",""coordinates"":[]}"
1476_0,-0.018937988,1476,"{""type"":""MultiPoint"",""coordinates"":[]}"
1477_0,-0.12585445,1477,"{""type"":""MultiPoint"",""coordinates"":[]}"
1478_0,-0.012345679,1478,"{""type"":""MultiPoint"",""coordinates"":[]}"
1480_0,0.09909365,1480,"{""type"":""MultiPoint"",""coordinates"":[]}"
1481_0,0.17162658,1481,"{""type"":""MultiPoint"",""coordinates"":[]}"
1482_0,-0.40718785,1482,"{""type"":""MultiPoint"",""coordinates"":[]}"
1483_0,0.06026558,1483,"{""type"":""MultiPoint"",""coordinates"":[]}"
1494_0,-0.19269776,1494,"{""type"":""MultiPoint"",""coordinates"":[]}"
1495_0,0.0150704915,1495,"{""type"":""MultiPoint"",""coordinates"":[]}"
1496_0,-0.16212396,1496,"{""type"":""MultiPoint"",""coordinates"":[]}"
1497_0,-0.33153638,1497,"{""type"":""MultiPoint"",""coordinates"":[]}"
1498_0,-0.13826005,1498,"{""type"":""MultiPoint"",""coordinates"":[]}"
1499_0,-0.20569211,1499,"{""type"":""MultiPoint"",""coordinates"":[]}"
1500_0,-0.20062914,1500,"{""type"":""MultiPoint"",""coordinates"":[]}"
1501_0,-0.23515941,1501,"{""type"":""MultiPoint"",""coordinates"":[]}"
1504_0,0.040914867,1504,"{""type"":""MultiPoint"",""coordinates"":[]}"
1505_0,-0.17067483,1505,"{""type"":""MultiPoint"",""coordinates"":[]}"
1506_0,-0.20849696,1506,"{""type"":""MultiPoint"",""coordinates"":[]}"
1507_0,-0.13145337,1507,"{""type"":""MultiPoint"",""coordinates"":[]}"
1508_0,-0.11102932,1508,"{""type"":""MultiPoint"",""coordinates"":[]}"
1509_0,-0.021776179,1509,"{""type"":""MultiPoint"",""coordinates"":[]}"
1510_0,-0.054275986,1510,"{""type"":""MultiPoint"",""coordinates"":[]}"
1511_0,-0.045282338,1511,"{""type"":""MultiPoint"",""coordinates"":[]}"
1512_0,-0.10572593,1512,"{""type"":""MultiPoint"",""coordinates"":[]}"
1513_0,-0.08898569,1513,"{""type"":""MultiPoint"",""coordinates"":[]}"
1514_0,-0.218221,1514,"{""type"":""MultiPoint"",""coordinates"":[]}"
1515_0,-0.1290211,1515,"{""type"":""MultiPoint"",""coordinates"":[]}"
1516_0,-0.051275022,1516,"{""type"":""MultiPoint"",""coordinates"":[]}"
1517_0,0.07096774,1517,"{""type"":""MultiPoint"",""coordinates"":[]}"
1518_0,-0.18769367,1518,"{""type"":""MultiPoint"",""coordinates"":[]}"
1520_0,0.21336761,1520,"{""type"":""MultiPoint"",""coordinates"":[]}"
1521_0,-0.027589327,1521,"{""type"":""MultiPoint"",""coordinates"":[]}"
1522_0,-0.253025,1522,"{""type"":""MultiPoint"",""coordinates"":[]}"
1523_0,-0.1797936,1523,"{""type"":""MultiPoint"",""coordinates"":[]}"
1535_0,-0.29778633,1535,"{""type"":""MultiPoint"",""coordinates"":[]}"
1536_0,-0.0019733596,1536,"{""type"":""MultiPoint"",""coordinates"":[]}"
1537_0,-0.32669392,1537,"{""type"":""MultiPoint"",""coordinates"":[]}"
1538_0,-0.045403093,1538,"{""type"":""MultiPoint"",""coordinates"":[]}"
1539_0,-0.23771814,1539,"{""type"":""MultiPoint"",""coordinates"":[]}"
1540_0,-0.107074566,1540,"{""type"":""MultiPoint"",""coordinates"":[]}"
1541_0,-0.19046283,1541,"{""type"":""MultiPoint"",""coordinates"":[]}"
1544_0,-0.25271317,1544,"{""type"":""MultiPoint"",""coordinates"":[]}"
1545_0,-0.1559633,1545,"{""type"":""MultiPoint"",""coordinates"":[]}"
1546_0,-0.22045028,1546,"{""type"":""MultiPoint"",""coordinates"":[]}"
1547_0,-0.100512415,1547,"{""type"":""MultiPoint"",""coordinates"":[]}"
1548_0,-0.04101069,1548,"{""type"":""MultiPoint"",""coordinates"":[]}"
1549_0,-0.0792,1549,"{""type"":""MultiPoint"",""coordinates"":[]}"
1550_0,-0.06928105,1550,"{""type"":""MultiPoint"",""coordinates"":[]}"
1551_0,-0.09400387,1551,"{""type"":""MultiPoint"",""coordinates"":[]}"
1552_0,-0.020893943,1552,"{""type"":""MultiPoint"",""coordinates"":[]}"
1553_0,-0.07165485,1553,"{""type"":""MultiPoint"",""coordinates"":[]}"
1554_0,-0.10538017,1554,"{""type"":""MultiPoint"",""coordinates"":[]}"
1555_0,-0.03755966,1555,"{""type"":""MultiPoint"",""coordinates"":[]}"
1556_0,0.089361705,1556,"{""type"":""MultiPoint"",""coordinates"":[]}"
1557_0,-0.31296757,1557,"{""type"":""MultiPoint"",""coordinates"":[]}"
1558_0,-0.0498155,1558,"{""type"":""MultiPoint"",""coordinates"":[]}"
1560_0,-0.0069969213,1560,"{""type"":""MultiPoint"",""coordinates"":[]}"
1561_0,0.08955635,1561,"{""type"":""MultiPoint"",""coordinates"":[]}"
1562_0,-0.17620242,1562,"{""type"":""MultiPoint"",""coordinates"":[]}"
1563_0,0.033349924,1563,"{""type"":""MultiPoint"",""coordinates"":[]}"
1564_0,0.13373494,1564,"{""type"":""MultiPoint"",""coordinates"":[]}"
1575_0,-0.17080173,1575,"{""type"":""MultiPoint"",""coordinates"":[]}"
1576_0,-0.0702439,1576,"{""type"":""MultiPoint"",""coordinates"":[]}"
1577_0,-0.09527849,1577,"{""type"":""MultiPoint"",""coordinates"":[]}"
1578_0,-0.096503496,1578,"{""type"":""MultiPoint"",""coordinates"":[]}"
1579_0,-0.021378621,1579,"{""type"":""MultiPoint"",""coordinates"":[]}"
1580_0,-0.035599742,1580,"{""type"":""MultiPoint"",""coordinates"":[]}"
1581_0,0.016750647,1581,"{""type"":""MultiPoint"",""coordinates"":[]}"
1584_0,0.11673921,1584,"{""type"":""MultiPoint"",""coordinates"":[]}"
1585_0,-0.16043289,1585,"{""type"":""MultiPoint"",""coordinates"":[]}"
1586_0,-0.18428081,1586,"{""type"":""MultiPoint"",""coordinates"":[]}"
1587_0,-0.14307931,1587,"{""type"":""MultiPoint"",""coordinates"":[]}"
1588_0,7.020828E-4,1588,"{""type"":""MultiPoint"",""coordinates"":[]}"
1589_0,-0.34197628,1589,"{""type"":""MultiPoint"",""coordinates"":[]}"
1590_0,-0.04677623,1590,"{""type"":""MultiPoint"",""coordinates"":[]}"
1591_0,-0.0954719,1591,"{""type"":""MultiPoint"",""coordinates"":[]}"
1592_0,-0.07204924,1592,"{""type"":""MultiPoint"",""coordinates"":[]}"
1593_0,-0.04969697,1593,"{""type"":""MultiPoint"",""coordinates"":[]}"
1594_0,-0.11410138,1594,"{""type"":""MultiPoint"",""coordinates"":[]}"
1595_0,-0.04167412,1595,"{""type"":""MultiPoint"",""coordinates"":[]}"
1596_0,-0.0866426,1596,"{""type"":""MultiPoint"",""coordinates"":[]}"
1597_0,-0.22268327,1597,"{""type"":""MultiPoint"",""coordinates"":[]}"
1598_0,-0.15430197,1598,"{""type"":""MultiPoint"",""coordinates"":[]}"
